Image,Label
24117,4
15322,4
14546,6
8079,
13192,3 4
25927,1
3372,0
21781,6
2847,4
16413,9
12090,9
6937,4 7
28974,3 4
14484,4 7
22781,4
3906,5
10486,1
10948,4
23752,4
21219,4
24047,4 5
12814,3 4
2400,4 7
30332,4 5
23728,4
28039,4 7
18669,4 6
22520,4 6
3143,4
16968,5 6
18868,4
26489,4
21931,4
9749,4
26124,
16546,4
234,7
7855,4
3866,4 6
4655,4
18332,4
17368,1
93,3 4 6
26682,6
23075,4 6
6200,4 7
20047,7
9136,4
18778,0
26346,3
3741,7
22863,2 4
21698,9
21906,4
23453,0
8557,4
24638,4 8
5950,6 7
19639,9
11628,1 4
14064,2 4
15059,6
11550,0 4
29457,
7711,2 4
28287,5
16158,5
16094,0
17654,4
6910,6 7
12298,
27935,4 6
5019,8
7200,4 6
15279,
30383,4
28803,2 4
23839,4
11106,4 6
13423,5
21059,
17274,4
4877,4 6
16478,2 4
26799,4
19310,3
11810,
7545,2 4
26224,2 4
17400,4
23317,3
8540,1
24095,5
22810,4 6
29138,2 3 4
25457,3
12482,4
10374,4
18976,6
21236,1
21795,4 6
3205,
12001,
15198,4
9496,4
21239,4
3992,4
17631,1
6511,0
20732,2
23237,3
17306,7
13989,4
6382,4
9312,0 4
7918,
12438,3 4
26177,1
19690,0
24692,4
29141,3
14867,6 7
11685,
16588,4 6
21182,3
6675,
5055,4 6
17815,4 6
25468,0
19774,9
8647,2
26626,2
26529,0
13483,7
2562,0
17907,4 6
25090,4
25911,2
26669,
5650,0
625,4
12351,4
11959,0 4
28697,2
24250,2
11019,6 8
6084,4
30133,4
10828,3 6
11145,4
3695,4
18520,
15727,6
14493,
16030,4
8573,5
14864,4 6
17530,4 6
831,4 5
27440,0 2
28724,1
1552,0 6
11653,1 4
11890,1
13112,0
27506,3 5
24873,
21744,4 5
14003,2 4
22395,4
10334,0 2
8091,
23253,4
968,6 7
1025,2
12125,4
29913,4 6
12073,
11488,6
23828,7
10360,4 5
23296,6
16808,6 7
10765,6
13748,4 6
13202,0
2519,3
23017,0
30772,4 7
29489,4
11295,7
22019,4
26973,4
963,
10927,0 2
8751,4 6
25774,4
8397,2
13806,4 6
12892,4 6
13939,0
11031,4 6
3099,2
7959,7
19407,7
30209,1
30416,0
14938,7
1796,2 3
23465,3
4477,4
25960,0 4
15529,0 4
4110,3 4
17200,
27503,4 5
16936,1
13527,4
26580,4
12843,2 4
25833,6
1541,4
9445,
30354,
27012,4
26496,7
17246,0
7135,8
312,
21149,0 4
7010,4 6
25521,1
26651,9
19033,3
17490,4 7
7310,9
11406,7
2667,3
13961,2
25863,3
3989,0 4
7145,4
18182,1 4
12808,4
1035,2 4 6
6049,4
18040,2 4
10305,1 4
2293,1 6
15512,2 4
31033,4 6
975,4
19791,2 4
19773,
1388,4
17520,6
23175,4 7
19323,4
27655,4
19117,2
28520,4
20653,4 6
24414,6
27349,1
15528,4
1985,4
9584,4
9424,2 4
9306,2 4
26924,
19101,4 5
236,4
20576,4 7
20658,5
16093,4
14674,
17976,4
13171,4
20353,4
30153,0
1086,3 4
10136,0 4
12302,6
5590,3
8497,3 4
953,7
8376,4
13638,4
6399,4
19792,4 8
19077,4
16336,4
26809,
18181,0
26950,4 5
9459,4
3182,2 6
22509,4
13067,2 7
6100,4
287,4 6 7
23,7 9
11043,6
30254,0
23968,4
18381,1
22366,3
28406,4
170,6
1981,4
18672,2 6
4149,
18272,9
13917,0
15285,4
27132,4 6
16367,4
17066,6
18326,4
26368,4 6
25195,2 4
13973,0
21978,6
27469,0
24903,4
20663,0
2365,4
7164,3
20363,2
29503,2 6
21148,4
19012,4
27823,0
28605,6 7
3166,7
6412,4 5
25160,4
2757,4
12748,7
19014,2
28461,
1088,4
3023,
20123,4
1353,2
23435,4
15524,
799,0 4
10553,3 4
8527,5 6
15884,4 6
29242,4
10888,1
29505,2
9815,3 4
15534,1 4
17839,1 4
22627,4 7
22679,4
28292,4
7228,4
9896,4
10801,6
4804,4
8249,4
5638,2 4
4276,4
11115,4
23181,3
9130,4
13204,6
8550,4
23811,7
785,
9897,4
18069,4
16931,3 4
27502,2 4 6
25773,4 6
3718,4 6
16294,4
26718,2 4
19727,4
7176,4
6907,7
30142,4
6564,4 5
11188,4
27644,2
11561,6
18628,6
17791,4
13757,0
24588,6 7
23830,4
10522,
415,1
27965,
10148,1
28905,4
7586,0
8065,3
27791,4
24616,4
24883,4
22759,3
12443,4
7796,2 4
5360,4 6
20530,4
3539,2 4
10557,2 4
16207,6
28983,4 6
3916,4 6
10943,4
1974,4
21215,
14887,0
4423,4
23885,7
25082,2 4
252,
4734,3
12199,9
26655,4
14117,2 4
11082,6
3480,4
25690,4
4712,0
17195,2 4
2292,1 4
1012,4 6
17864,4 7
25861,4
8088,0 4
9833,4 9
17162,3 4
8789,2
22556,2 4
927,0 4
23615,7
3046,6
24304,4
18817,
18873,1
25200,6
22152,4 7
15630,4 7
12114,4 6
15814,4 6
3825,1
14655,2
31045,4
29209,4
7474,9
12392,
27555,4
22764,4 5
11816,4 6
15849,5
27052,0 4
17324,4
9065,4
9394,9
11415,4 7
29976,7
5223,0
15597,2 4
25093,
1843,4 6
1810,4 6
2544,0
16058,1
21392,2
24682,3
16456,1 6
26654,4
1031,9
12492,0
11081,4
12713,4
7388,4 7
17673,
21080,4 7
9478,
13745,3
19704,3 4
15078,3 4
11800,2
6717,0
23190,0
16282,4 7
6833,4 6
13802,4 6
5853,7
2759,4
14037,2 4
18244,6
17533,4
16596,4
12687,6
12693,
7293,2
4245,4
8436,0
17806,4 5
5852,4
27024,3 4
12514,0
18464,3 4
30293,3
8896,4 6
28215,4 5
3119,0 4
30027,3
29350,
235,
16074,6
19891,4
28236,4
49,6 7
8637,
13700,7
2126,3
13295,3
11149,4
26450,1
11471,4 6
28291,0
4609,7
2092,4
5306,5
30357,2
18558,4 6
18560,4
14284,4
4539,4
27299,2 4
8417,4 6
30834,4 5
16352,
1641,
27771,6
243,4
18760,9
6656,9
8897,4
14188,4
30798,4 7
19041,
9242,4 5
17620,7
1365,5 6
26021,4
21146,5
5782,4
4757,4
5686,4 6
25945,4
13698,
13150,6
1454,4 7
9117,4 7
21350,4 7
21105,4 6
27019,3
19753,4 6
28220,3
24636,
261,
14638,4
15424,4
22076,2 4
16694,2 4 6
6050,4 7
30588,6
2591,4
20601,7
17358,1
12715,
26919,7
7407,7
174,4 6
27035,4
3309,4
2685,6
27851,3
20597,4 6
24715,4 8
23124,4
26268,3
6453,6
7648,7
11305,1
11313,4
28560,4
5056,7
5970,4
13119,0
4293,7
15622,4
14615,2 4
19864,4
17025,6
23503,3
16481,7
30966,3 6
23299,4 5
3598,4
28455,6
6640,6 7
10525,1
22094,4
30159,6
30062,4 7
25765,7
25835,2 4
11132,
19743,4 6
12145,0
16770,4
26281,7
27447,4
31067,4
19834,6
2714,4 7
633,0 4
409,4 6
10878,7
11034,2 4
23434,4 5
14309,0
13588,
824,6
22270,4
13956,4 7
28142,3 4
11999,3
1598,1
7944,1
21249,
23014,0 4
24048,8
954,0
6112,5 6
17398,4 6
17465,
8949,3 4
8510,3
21829,4
15842,4
22722,3 4
1459,4
8564,3 4
18330,9
10900,4
14645,
4535,7
29741,2 3 4
22271,
6659,4
3858,4 6
30933,7
10161,
8766,
28378,7
22949,
4729,4 5
5558,4 6
7714,4
1713,4
16429,4
4582,6
4943,5 6
21259,4 6
930,4 6 7
6147,4
214,6
1801,4
28235,4
2310,4 6
23930,4
25620,2
19279,
699,
12578,6
28846,7
30750,0 2
11559,4 5
2478,7
27773,4 6
14829,6
23217,4 6
22883,
11636,2
16416,4 6
8447,3 4
21737,2
18405,7
4286,4 7
6527,4
3353,5
10487,3
2321,3
6864,
18086,2 4
6055,4 5 6
19208,
10080,7
6557,
2643,6
8343,7
23934,4 6
13822,6
4543,4
1239,7
11235,2 6
22612,1 4 7
2715,5
29271,0
19353,4 6
29795,5 6
12692,4 7
12955,5
7768,4 7
17373,4
21469,2 5
20010,
27997,4 5
25565,4
28947,4
27758,4
26525,
8143,7
26437,4 6
24259,4
29796,5
18380,0 4
22675,6
8676,
17703,4
17717,4
22736,9
25207,0
27753,4 6
15184,4
10410,4 7
21757,4 6
12607,4
9672,3
2017,4 6
13912,4
1972,6
25461,
8953,4
20698,4
10785,4 7
30776,2
7421,2
14272,4 6
28339,
11163,4 7
9129,4
3343,6
22508,4
2523,4 6
16611,4
23809,4
31037,4
10193,2
5701,
28420,0 4
924,3 4
15061,4
1792,3
19224,4
4574,4
18460,
29866,6
15274,4
13422,
7266,4 7
30773,2 6
27920,4
2111,6
187,4 7
14086,4 6
19907,4
4151,6 7
22082,4 6
6616,4
21977,
23850,4
9934,4
4411,4 6
895,4
30192,2
15581,3 4
25658,
2207,4
9502,4 6
15353,2 4
3474,2
19064,4
29454,4 6
19257,4 7
17289,0
5923,4
24778,6
24272,1 4 6
24453,4
11954,4
5485,4
21131,0
8275,4 6
13349,0
15494,3
2834,4
16203,6
27211,4 7
28621,0 4
12558,
8372,3 4
8358,4 6
11402,0
30449,2
18339,4
3030,2 4
8893,3
16586,4 7
18710,7
28086,4 6
12936,7
8113,6
29738,4
1999,4
16696,6
1504,2
8178,3 4
5116,
26857,1 4
12121,2
24069,1 4
22897,4 6
29550,3
14679,0
30717,4 7
21211,6
5331,2 4
12400,
29161,2 6
22830,4
28371,4 7
7435,6
30893,4 6
25790,3
15508,4
14176,1
27594,3
16870,4 6
4638,
10253,6
30733,4 5
581,0
2862,4
5889,7
21627,4 6
26291,4 6
18580,5
3510,4
27565,5
9908,7
24609,2
19815,3
6091,9
16913,
11583,
8235,4
25077,4 7
16368,1
2720,0 3
23320,4 5
22010,4
8228,4
30611,3 4
8982,4
22715,6
19476,4
2577,4
12653,6
16877,5
24922,3
14477,6
6462,2 4
27277,6 7
13624,4 7
10145,4 7
23413,4 6
13143,
25563,4 6
4676,6
13470,4
7208,3
14604,0
4936,4 6
16505,4
24083,4
10663,4
3425,7
11794,0
18342,9
7531,4
25735,1
8478,4
11645,4 6
28517,4
23312,6
29086,4 6
29028,3
12282,5 6
1569,1
18484,6
3058,4
3717,4 7
22806,9
30703,
17938,4
23148,0
24798,4
1240,5
9622,4 6
14941,
21552,0 4
3577,3
15318,2 4
24057,5
15754,4
29779,6 7
29047,
259,4
13526,4 6
15949,4
20617,0 4
6928,2 6
2476,4 7
1651,4
3407,4
25679,4
16835,1 4
9847,4 6
13572,
26674,3
3193,6
199,8
14716,4
5529,4
26536,4
22079,3
26888,4 6
7169,4
20575,4
19868,6
6139,3 4
15296,4
28624,
18857,9
1573,4 7
23617,4
17412,4
17861,4
3583,4 7
18231,4
27436,4 6
20466,4
19338,7
26935,4 6
2925,4
15415,4
15217,
10570,4
10351,7
1876,3
15082,4 7
15165,2
19713,2 4
25767,1
27013,4
21098,2 4
27007,6
4219,7
7334,4 6
3613,6 7
10169,4
9493,4
4448,5
13941,9
11374,3
6637,7
30470,
20968,2
1208,4
4470,4
2414,6
17263,4
12211,4
20072,4
14886,4
30658,1
16705,4
20294,5
27550,0
13916,4
15299,2 4
21763,3 4
5198,4 6
18972,4
22732,6
12825,4
7471,0
27939,3
20719,6 9
12504,4
23819,2
758,3
13389,4
13393,4
11964,0
3629,4 6
8017,1
15975,4
24004,
2454,4
31012,
24591,4 7
26396,7
5512,6
7237,7
1304,3
2065,
23037,4 7
27674,2 4
7455,4 6
24685,
12425,
6837,1
24771,4
12312,4
12359,3
5871,7
2216,4
5818,7
16353,4 6
15307,7
26554,4 6
3390,4
23145,2
26121,2
17730,4
4089,4 6
28040,6
9924,7
24446,4
12457,4
28118,4 6
5654,6 7
18566,6
11482,5
4315,4 6
11697,4
5139,3
2429,5
1152,4 6
19550,4
14980,4
15417,
1038,1
29159,4 6
17173,4 6
6145,4 5
22236,3
12541,4
25218,
30766,4
14215,4
13514,1
602,7
14986,4
28660,6
19872,4 7
20158,4 6
10892,7
25996,4
1232,4
19956,
5622,4 6
22072,2
5316,4
27262,1
25528,4 6
3616,3
15888,3 4
30299,4 5
11127,7
25099,2
4703,2 4
22081,1
21012,7
2072,4
18081,4
17941,2 4
2261,4
23187,4
7457,0
8458,1
2002,3
15338,4
18082,6 7
19540,2 6
2161,4
9889,4
29953,4 6
13142,5
2249,2 4
18963,4 6
5703,2
29551,3 4
23106,1 4
6750,2 6
24519,6
4087,3
847,6 7
14810,3
20411,4
21255,4 7
28921,3
19308,4 7
23911,4 9
16476,4
2250,4
25324,4 5
10020,1 4
8544,4
20816,4 6
11168,5 6
5475,4 5
8322,
28955,2 4 6
3477,1 6
8716,0 4
18111,4
28480,2 4
23974,4
16815,6
3880,4
7287,4 6
4781,4 5
5695,7
4591,4 6
11748,2 6
23030,4
10984,4
13591,4 6
3945,6
29116,0
12005,4 7
25722,5
31025,4 7
6231,6 7
19568,0 6
7437,7
10610,
12100,7
25726,
1396,3 4
10542,6 7
13253,0
1540,4
1589,7
27723,4
20282,4
15658,4 6
21021,4
3078,2
23531,6
2393,4
8597,4 6
6635,4
15559,0
6710,4
20591,
22995,
26634,4
12333,7
14078,
24842,6
23822,6
15799,4
8645,1 4
13101,1 4
1658,2
8237,6
24809,2 6 7
5600,4
4171,1
27543,7
3062,4
23789,1 6
15631,
21760,4 6
8616,
3615,6
22026,7
5083,4
14063,5
10335,7
1473,4
4621,4 6
20790,1
28881,2 4 6
29249,2
11296,3
18316,4
25085,4
12458,7
7220,0
29552,4 7
26749,4
12791,4
10074,
29400,4 6
21982,
26491,4
27432,4
4673,4
24563,4 6
26007,4
539,2 4
29826,4
10510,4 5
13606,4 6
5792,4
715,4 8
12761,0 5
9051,3
24860,3 4
10267,7
23206,7
5532,4
15411,1
27377,4 6
1264,2 4
23668,0 4
4394,2 4
19128,4
7149,4
22473,3
14488,4
14789,4
11669,4
22324,4
14815,7
13848,4 5
11677,0 3 4
27856,1
27960,6
13511,3
24321,4
19485,3 4
19932,0
30508,1
7873,4 6
30849,4 5
25431,3
15954,4 6
5312,0 4
13020,2
4951,4
13541,4
26524,4 5
414,4 6
13405,4 6
6625,4
20243,6
26872,4
14314,
14131,1
4139,5
17550,2 4
29194,4 6 7
2284,6
23815,4 5
30932,4
22614,
13458,4
9791,
21689,7
12299,3
7207,1 4
2508,2 6
5087,2 4
18763,4
30646,4 7
25355,4
13810,6
1357,
11436,4 5 6
18807,4 6
8648,1
20447,4
17287,4
27911,4
27188,4 6
1329,1 4
19779,9
17814,4
24298,3 4
3210,4
10584,5
9395,1 4
10687,4
2076,1 4
15288,4
22042,6
4970,0
26367,4
9691,2
19804,3
5520,
2923,4 5
19528,4 6
27730,4
4333,
2775,3 4
19383,0
17134,6
14764,7
15461,4
5947,4
2458,7
17216,9
11637,5
5608,2
9774,3 4
5001,9
22222,1
14996,4 6
1506,2
25424,2
22402,7
14279,4
17388,2 4
8960,2
5422,5
14509,7
25816,2 4
9132,7
28145,2 4
14049,
8334,4
22552,
32,4 6
10513,6
17196,1 4
16081,3
30684,6
2787,0
676,4 6
2264,1 4
26754,0
30846,
14438,4 6
7588,
5280,0 4
14693,4 7
15300,
30586,7
7704,2 4 5
16260,4
5030,0
2563,4 6
3323,4
14500,4
22966,3
10612,4
2162,4
4567,2
3156,
6117,4
13668,4
3438,
18670,4 6
4491,4
2434,4 6
2507,2 4 6
15531,4
24550,4 5
12883,4 6
13478,6
735,4 6
11052,0 4
2066,4
14224,7
13120,4
15192,4
6599,3 4
27468,2 4
26311,6 7
8471,4
24485,4
22746,1
17860,4 6
13365,0
2343,6
24882,4 7
27266,4
2078,6
28495,6
28054,6
3972,6
10317,1 4
24584,
23242,3
8466,4 5
13010,4 6
23489,3
28013,2
24305,4
3847,2 4
14210,1
6406,4
30596,5
14741,4
29803,7
15321,4 6
21281,7
30875,3 4
22227,0 4
14599,0 2 4
16973,4 6
30335,4
19860,2
6000,
13337,6
8909,6
29031,4
17978,0 3
20789,3
2693,1
4082,4
13440,0 4
6820,7
21048,0
7535,
21041,6 7
16859,7
22311,
10981,7
19613,4
14261,4
24277,4
14167,
11708,3
26452,4 6
11303,
3209,4 7
21338,4 7
30816,0
27625,
21803,4 6
29018,2 6
2525,4
25590,3
9840,
23223,6
12928,
20853,5
22885,0
21578,4
3678,0
7733,1
22613,0 4
19135,3 4
26187,6
19730,
22420,0
14836,7
1602,7
6708,4
20488,4 6
29828,4
30613,4
28028,
10603,4 6
24032,3 4
2742,2
12762,7
21025,3 4
211,
17337,4 6
1992,4 6
2733,2
17171,
22526,2
22669,5 7
20388,9
10222,4 7
29579,0
189,4 6
20284,4
1276,7
13311,
22946,3
23783,4
14977,4
28288,2 4
29128,2 6
12096,
26360,6
1962,4 7
9515,8
8021,2 4
9041,4
22433,4
22982,4 7
23566,4
3126,4
17962,5
7387,3
18429,6
6113,
6509,4
26446,6
3410,4
17450,6 7 9
4754,4 6
24215,2 4
4611,7
28053,1
27591,4 7
27414,4
17948,6 7
13460,4
26412,4
25017,4
16639,6 7
26039,4 6 7
9245,4
20800,7
12640,4
3442,4 6
1566,4 6
28734,0
12423,6
30908,6
12861,9
18579,4
18000,6
30483,2 4
25750,1
9233,1
7424,4 5
9379,4 7
12358,2 7
6163,4
5106,
26273,2 4
10167,4
26395,0 4
50,
23128,1 4
3996,2
27613,
9375,4
25041,1
30882,6 7
20553,4 7
7907,4
19960,0
12981,4 6
8579,6
4919,4 7
2048,7
21863,6
15803,
6446,4 6
18247,4
19757,4 6
27330,2
11667,4 5
2421,2
12662,2
13782,7
3878,4
26788,3
19125,4
225,0 4
2556,7
27547,4 6
30753,6
15019,0 4
19526,4 8
13007,6
2185,2
1767,7
13352,4 6
24181,4 6
21416,4
18664,4 5 6
16028,4
5789,9
15853,6
11608,0 4
13250,4 7
1951,3 4
3367,4 6 7
25043,7
6162,6
24556,6
27774,7
10915,
373,8
23738,2 6
20642,4
8689,0
29817,2
7152,
10477,0 2
7432,4
13227,4
2270,4 6
17936,6
19238,4 6
2227,5
14971,4
17029,4 6
22238,4 6
7844,2 6
4800,0
8299,
5694,
19462,7
11958,
21464,4
29868,
22273,4 7
10139,7
28105,4 6
13816,6
19386,
19004,0
16227,4
12534,4
24029,2 6
13264,4 6
12854,7
9926,7
27926,4
11280,9
1256,4
11625,2 3 4
24418,4
22667,0
29922,6 7
20796,
7550,4 7
21819,
26278,4 6
19857,6
23349,4
24921,4 6
19392,1
2863,2 4
5858,4
23068,4 6
23152,7
4148,4 6
16552,4 6
16698,4
13814,4
15982,3
23955,
30429,4
25265,4 6
12432,9
4683,4 6
30000,9
9167,4
5200,4 5
21652,8
30013,4
23820,3
28108,4
29464,6
28529,4
7069,4
26775,4
11889,2 4
15205,4 5
9506,7
11987,4
6789,4
28845,4 6
10428,
15683,4 7
723,3
30422,4
1966,6
11176,4 7
19110,0
1695,4 6
448,4
7108,1 6
5256,6
27422,4
19787,7
5540,6
15328,4
20801,2
10155,4 6
14496,2
30147,4
1140,4 6
27889,5
1338,6
27187,4
5539,1
5730,6
21111,4 6
26573,4
25817,4
15840,4 8
1257,4 6
13570,4
20258,4
23129,4 5
111,0
4094,0 4
28685,
26510,3
29070,4
18693,7
28,2 4 6
9040,4 6
7602,4
381,4 6
22291,1
25103,3
4552,4
20504,4
23998,4 6
10442,2
19405,4
7811,4 7
24912,7
9950,
9640,4
25262,4
6136,7
2018,7
11518,1 4
18076,2 4
20302,1 4
2741,8
17821,3
4452,1 4
13247,0
19381,1
27493,4 7
7930,4
4687,2 4
16572,2 4
3204,0 4
12253,6
6559,3 4
29672,4
30373,4 6
8286,
18037,4
20962,4
9994,0
17051,4
20221,3
10960,4
25579,6
9579,4
869,0 4
30082,4 6
17629,
13403,4 7
20116,4
21023,2
16951,
28956,3
4370,
4348,4
26033,3
4778,4
26100,2
11674,0
18563,4
15809,4
10846,7
7571,8
5832,6
23282,4 7
28209,5 6
29706,4 6
29447,0 4
7056,7
15449,1
7986,2
16999,4
515,
58,4
25063,2 4 7
11754,3 4
22,6
6146,
8412,3
16314,0 4
6440,4 7
24045,4
2853,
18142,
28262,1
12404,4
16327,0 4
2297,7
2551,4 7
4878,4 6
30025,2 4
4130,
21905,2
23583,6
9225,
4128,7
21885,6
7201,4
7425,0
16162,2 4
19747,2 4
5874,4
20494,2
8200,4
397,4
6778,4
20332,0 4
18930,
11446,4
22919,
8837,0
18526,4
15429,4
27953,4
29539,4 7
9656,6
5265,6
13031,2 4
9873,4 5
15343,4
26563,4 6
24744,9
1983,4 6
29290,4
27815,2 4
9,2 4
26138,4
27365,6
9026,7
23647,4
3448,2
19055,2
4820,4
26480,3
25070,9
25506,4
10763,4 7
23179,6
10664,2 4
13056,3
14925,4 6
30161,4
15096,2 4
18213,4
15114,3 4
27764,2 4
10747,4
22517,3
11412,4
21288,4 5
1029,7
21138,0
6456,0 4
29582,4 7
18375,0
27071,5
20761,1
10394,
3384,
19480,4
29988,4
10391,4
14360,4 7
11311,0
10585,1
1875,4
18843,0
20360,4
17348,4 6
1864,6
30238,5
4809,4
4750,4
11481,4
25992,
16804,4
13228,4
25418,6
9744,4
19980,4
30467,2 4
29666,2
25485,4
5147,4 7
13435,4 7
18782,4 6
8011,1
6961,7
12442,4 5
9827,0
17771,3 4
14671,4
13286,4 6
11678,4
2666,
6408,1 4
11000,0
678,4
6601,
22784,6
14087,
22567,4 7
9598,4 6
2955,2 4
2410,4
24699,4
3614,4
8694,6
23510,4 6
18003,4
24242,7
17937,4 6
3976,4 7
16830,2 4
15763,4
13579,4
15583,4 6
20073,4 6
24602,
29770,4 6
21329,1
21814,2 4
24077,6
154,4 6
10126,4
7507,2 4
18026,4
29381,
939,4 6 7
7468,7
4056,4 6
19870,4
20747,6
8816,4 6
24384,4 6
22106,0 4
24503,1
21094,6
22378,4 6
18864,4 6
1414,4 6
20783,6 7
24164,5
19644,3 4
11545,
354,4
15248,4
25781,4
26370,0
6613,7
18428,4
11479,9
684,5
1604,4 6
13671,4
10924,4
9492,2 7
16868,4 6
8333,4
7371,3 4
3338,4 6
26557,7
25800,
24353,6
1822,7
18449,4
9911,2
22156,2 7
3495,3
23462,3
8045,3
406,3 7
6798,1
9491,
7764,4 6
13229,2
22055,3
30514,4 8
336,4 7
21827,0 3
604,6
27971,1
21362,9
5990,0
1942,7
30784,4
132,4
22500,4 5
9190,3 4
6094,
13626,4 6
12305,4
88,4
12767,4
11392,4
12344,4 6
7882,7
8135,4
1285,2 4
20029,2 4
5237,7
10291,4
575,4 7
18887,4
28387,7
863,3 4
28574,4
21709,4 7
20809,0
10515,4 6
8615,0
28090,4 6
27607,5 6
8683,4 6
12924,4 6
23058,1
8446,4 7
2835,4
3636,4
30858,4
5057,
988,4 7
9865,4 6
6822,4
4469,4
15697,2
10418,4 5
28343,4
314,6
27747,2 7
29917,4 6
26029,2
7486,4 6
12875,4 6
8475,6
30340,4
6490,4
13449,4 6
4916,4 7
18783,
28832,5
12576,6 7
20153,2 4
9212,4
16890,3 4
14765,4
4588,4 5
10952,4 6 7
6713,4
14247,4 6
7024,4
17087,2 4
30737,6
30884,3
23988,2 4
17335,9
10527,4
18587,4
29638,0 4
12491,4
13274,6 7
22342,4
15489,4
1572,4
11219,4
10168,4 6
10426,0 4
1282,4
11528,4
30241,0
9008,
12402,2 6
20703,4
18880,4 6
11066,
12369,4 5
27381,4
6523,6
27343,
902,7
4253,4
15612,4
13932,2 4
1377,4 6
1626,4
18842,4
3822,6 9
24673,4
24506,4
18362,6
18206,4 6
13012,
21762,4 6
22200,4
15753,4
20323,1
2784,0 4
21644,3
5058,6 7
23867,
654,6
30477,
15341,5
26144,4 6
25534,6
17609,0
8518,4
507,4
4942,4 6
10779,4
28554,3 4
1065,
22716,2
28738,7
11676,4
15419,2 4
22756,4
6461,4
8984,9
10589,5
14401,1
29596,4 7
5348,4
23227,4 7
15808,4 7
8967,
6982,5
2836,4 6
6804,6
57,5
22300,6 7
1121,6
9202,4 7
10377,4
19736,4
8310,4 7
15668,4
20230,7
11099,4 7
17158,6
9443,4 6
1301,8
19688,4 6
30035,3
14005,4
28447,6
10364,0
24834,4
13006,4
9138,
1961,4 6
27240,4 6 7
29830,3
6153,2
12585,4 7
30957,4
21367,4 7
7429,6
28925,4
14502,4 7
4482,0
23758,5
1978,2
13487,5 6
14060,0 4
762,1
24332,7
9017,4
30810,4
22542,
31035,4
8208,4
12907,3 4
18150,4
27632,4 7
19409,2 4
1323,4 5
5154,4
15706,4 7
4660,
16829,2 4
11963,0
21379,6
21719,2
7117,2 4
10202,
1173,4
27656,5
17725,4
11684,4 5
8308,4
13023,2
11056,4
12986,
7197,6
7395,1
24358,1
18924,1 4
9947,0 4
6669,4
20088,4
23140,6
11788,4 6
6259,4 7
20644,4
4526,7
24317,8
29010,4
18519,4
6126,6
13598,0
26243,4
2930,4
8454,3
17905,2 4
3882,4
21157,1
12994,4
25302,4 6
1221,1 4
31053,4
2694,
4933,3 7
5041,
2274,4
18523,2 4
9042,4
19065,4 6
17298,0 2
17564,9
1575,2 4
20849,4 7
10723,4
27521,5
19805,4 5
9606,4
13684,4 6
20111,4
25513,1
4204,6 7
7110,7
2701,2
7673,4
27727,1
20034,0 6
10790,0
20056,1
18885,4
20951,1
12954,4
14664,4 6
23762,4
15332,
24193,4
4772,2 6
27763,3 6
29258,4
18059,6
17270,1
23476,0
13156,4
5437,4
9449,3 4
77,
5476,
24022,0 4
11953,0
9792,3
14495,4 6
969,4
10839,1
23257,1
27206,7
421,4
11267,4
14196,1 6
31020,0
28391,4
5165,6
25502,4
19614,0 4
29376,7
15966,
7044,6 7
4497,4 6
1908,4 6
15516,
18701,4
8067,4 6
21566,
28146,4 6
4694,2 4 7
14927,4
23551,1
8159,4 7
29608,6 7
9905,4
5323,2
22032,
5487,4 6
910,4
6685,6
5501,4
2488,4 7
30981,4 6
19806,4 6
11787,4
8686,
20656,4 7
3088,9
3691,4
12746,
16434,4
28951,4
28781,
19292,4
29933,
18607,
20556,6
26847,4 6
21567,4
24756,4
5296,6
24217,0 4
23386,
14772,4
27244,4 7
25775,4
4255,4
27169,4
23596,4 6 7
5876,2
8950,4 7
23392,6
27018,7
12382,4 7
4596,4
15024,4
21393,4
20835,4
16738,4 6 7
19610,4 6
24010,0
16117,0
24679,4 7
13016,3 4
26673,1 7 9
23304,4 7
5074,7
29091,4
16447,4 6
4824,0
14103,3 4
17251,4
24889,4 6
14731,4
3050,4
9240,1
9489,4 6
22845,4 6
7905,6 9
25648,4 6
14057,6
30548,4
15485,9
12776,3
2558,2 4
6646,4 6
25108,4
14149,3
24631,4
6085,4 7
86,4 5
29652,4
17873,1
26986,4 7
10996,6
17997,6
8326,4
4323,2
6715,6
9440,7
28034,3
22254,2 6
20810,1
28477,5
17590,1
29384,4
2110,3
12885,2 4
585,6 7
15972,4
9452,6
5053,6
15421,7
24541,
18640,4 6
12276,4
695,3
8584,0 4
20942,3
21626,4
16544,6
17893,4 6 7
29367,4
22147,4 6
22417,4
12512,
5209,4
9646,2 4 6
4124,3
8721,2
8898,4
24515,4
22131,4
2425,7
23264,4 6
2894,4 6
25854,0 4
9505,4 6
17115,2
21483,
15368,3
14186,4
1129,2
18227,7
23427,9
4405,9
5891,4
7442,7
18793,5
29277,7
16343,4 6
21210,6
17820,4
24062,6 7
4880,4 7
25425,4
5713,6
19788,2 4
18567,4 8
5033,4 6
15806,4 5
5495,0
23134,4
15351,5
1203,6
13755,1 4
16023,4
20213,0
4508,2
26261,4 6
1047,4
10108,4
7046,2
25180,4
21383,9
1021,6
14252,2
21630,4
31014,4
6319,2 4
8370,4 6
14556,4 6
24082,2
23174,2 6
10851,3
20813,2
26730,
15346,4 6
1881,4 7
24841,2 4
22672,1 4 6
10152,
26255,4
29568,4 7
2056,4
25599,
4661,4
13384,4 7
8505,4
5,4
11373,6
9818,
13178,2 4
13854,6
19952,4 7
1487,9
8483,6
26528,1 4
4032,4 6
3091,2 4
16941,4
28226,6
15760,
14398,0
1574,6
16323,4
8081,4
16903,3
30666,2 4
23368,0
23597,4
573,4
9337,6
6530,6 7
23823,4
10635,4
9465,3
7740,4 6
29840,3
15006,6
9983,4
23825,4 5
22056,4
10770,4
17140,5
14021,4
12411,4 7
19940,8
17436,6
5967,0
21186,4
14281,
21843,4 5
26209,4
9933,
1066,4
22161,1 6
10324,4
6345,4 6
6203,7
16910,4
11704,6
30395,5
25332,0
1823,4
4966,6
28315,6
26833,2 4
14054,4 5
23642,4
8921,4
23753,4 6
22879,
30165,4
8874,3
5497,4
22461,2 4
129,4
28158,4
18530,4
18275,4
12887,4 6
14632,8
18850,0
6755,4
8421,4
30926,4
26816,6
14248,2 4
20694,
7857,4 7
27675,9
291,4
14105,7
13254,3 4
24479,2 4
18750,7
5073,4
23558,5
11595,4 6
21587,5
6598,3
30036,4 7
22347,4
24660,1 4
28992,4
16863,4
10660,4 6
17267,7
16583,4
907,2 4
23666,4
7956,4
7483,3
8566,4
30669,4
23137,6
29593,4
23297,4 7
2259,4
10648,7
22306,0
1696,4
16424,7
9330,4
13958,2 6
22441,
4833,1
13783,7
26406,
27609,3
20675,2
28833,4
15903,4
11673,5
28844,4
21322,6
12768,2 4 5
801,3 4
9358,4 6 7
7210,2 6
1895,4
13055,2
1690,4
14504,4
16771,9
19424,4
23074,2 7
28335,4 6
30622,0 4 5
26409,
13343,4 7
22277,4
15481,6
23945,5
25891,6
23961,4
3418,6 7
8441,4 5
29541,7
568,6
18650,4
513,6
24545,6
6839,
6786,4 6
24707,4 7
27831,3
15276,1
27340,7
10295,1
16210,4 7
1016,
26929,
3594,4
10345,3
16649,7
22573,
12245,0 4
24106,
6647,3
28793,4
2105,1
14659,3
23396,0
9980,
18680,4 7
29739,4
1753,8
12345,4 6
22304,4
29961,4 8
2599,1 4
5161,
14937,6
8148,4
25547,4
2490,
27449,0
24906,2 6
9871,4
10696,7
28765,4
9095,2
16015,7
9024,7
7911,7
10518,4
26220,3
26093,
27235,4
5893,6
4230,4 6
814,4 6
4906,4
5118,7
27386,4 6
3404,7
2504,4
26599,6
5192,6
13038,
22198,6
5719,4
1431,
6048,
6999,4
12146,4
19937,
1436,6
2952,3 4
18093,4 6
7497,7
12673,3 4 7
11913,6
10256,4 6
2697,4
17755,4
22577,2
4999,4
1932,3 4
13316,6 7
8368,4 7
24958,3
16035,4
28807,0
23408,4 6
23682,4
22506,0
24101,4
22442,2
5553,4
9610,6
16068,2 4
29392,3
4647,3 4
26056,4 6
23600,3
27198,6 7
20608,2 5 6
11134,0
14707,5
26625,0
21238,6
11813,4 8
9090,2 4 6
13883,4
13716,
18220,4 6
2669,
28908,6
26081,2 4
22610,7
25625,4 6
18571,
25007,4 7
30331,4 5
17510,0
3100,4 5
8496,4 6
26053,4
27936,4
30423,0
9708,1 4
9577,4 6
219,1
20549,
5493,2
28571,0
5012,6 7
9303,1
25985,0
12046,4
4106,6
24781,1
1043,
23043,6
16350,4 6
28719,4
5753,4 5
18831,4
27996,4
10151,
4054,7
29611,4
23881,4 6
24410,0
11327,6 7
25979,3
8914,2
13547,4 5
13276,4 6
6287,4
25577,4 6
30581,4
21584,6 7
22215,0
20418,1
16534,6 7
1699,6
16882,1 4
7500,4 6 7
28596,4 5
9301,3
13152,6
26339,
24397,5
16385,4 6
14413,0
20369,0
466,5
20870,4
11744,4
14025,4
8433,4
10957,4
26579,2 4
21334,3 4
30220,5
600,7
9626,4 6
4295,3 4
13258,4 5
18407,
27580,4 6
27442,4
23585,4
20807,2 7
15021,4
23011,4 6
331,4 6 7
22064,2 4
17508,6
8990,4
15690,4 6
17856,6 7
11140,3
13191,4 6
2815,2 4
15015,3 4
10777,4
21751,4 6
2171,0
17285,8
22943,4 6
18933,4 6
4069,0 3
4109,7
16776,2 4
30526,
30850,3
19217,2 4
4580,6 7
2441,2 4
2533,4
17194,3
26893,4 6
22589,4
12110,2
24620,4
2196,4 6
16442,4
11407,4
11476,4
20163,4 6
19682,1
4133,6
22874,9
21672,6
2796,5
8189,4 6
17810,4
12664,4
13122,4 7
4415,3
20132,
29215,6 7
4049,6
20717,4 6
3869,
9483,4
14322,
27784,4
18253,2 4
29991,4
30150,4 6
1249,4 7
12412,4
16689,
10464,4
28936,4 7
30865,0
6861,4
3750,4
23578,2 4
11988,8
3280,4
5075,4 6
21807,4
10879,4
30799,4 6
16784,4
2150,6
12641,4
16487,2 4
22122,4
119,1
11881,2 4
18318,4
23941,6
12249,2 4
8760,6
27563,4
30844,0 4 5
24766,0
22601,
24943,6
24851,2
6291,4
2582,
12486,7
17425,7
31032,7
5598,
11895,4 6
24137,9
11408,4 7
24933,2
9414,4
23010,4
2071,4 6
30080,6 7
29017,4 5
28785,2
23541,2 6
8665,4
12430,2 4
10941,7
14134,3 4
6705,0 4
353,6
3877,
7804,4 6
8085,4
30217,
1666,4
14788,6
10617,3 4
22203,1 4
24231,5 6
9733,4
4262,4 6
14065,2
17257,1
25257,3
17282,3
12451,4
14007,4
845,3
18333,
16528,4 6
101,4 5
14515,4 5
20184,4 7
24244,4
28251,9
8983,4
21460,4
29197,4 5
26011,
1049,4 6
22696,9
13269,1 4
24561,1 4
9665,3 4
30828,7
5182,1 6 9
17729,
25868,
8183,4
8166,2
13347,4
12234,6
17694,1 6
30917,7
18161,1
10194,4 5
14952,4
15426,2 4
22603,1
5412,
11521,4 6
7577,4 6
18912,4
319,
30201,4 8
28010,
313,0
22744,4 6
11536,4
908,4
12496,
2263,3
14673,2 6
5665,4
29132,
26432,7
29247,2 4
21831,0
31002,4
5877,3
25955,6
8886,6
9669,4
23545,4
4825,6 7
28707,6
27879,4 7
26555,4
21364,0 4
19750,4
15380,4 6
8039,3
25530,4
14475,4
8181,3
22014,6 7
9121,7
23457,2
17765,4
15628,4
4472,4
18267,4
7195,
18893,
24852,3
29178,4 7
3349,7
9741,4 6
4534,4
20573,4
23344,3
9758,4
24349,4
27795,7
9343,4
3014,4
8394,6
16488,1
24782,4
23854,4
7244,4 6
3630,4 6
8554,4
8757,2
12390,7
20689,4
25877,4 6
29742,0
22910,0 4
14994,
26274,4 6
12714,4
10257,4
7461,4 5
26807,4 7
10099,1
5729,7
14587,7
12681,6
26445,4 6
11567,4
17494,
9178,7
30048,4
27149,2 3
4600,5
21473,4
23438,6
25560,4
5366,4 6
26725,
28188,3
28932,4
24553,
8010,0
16150,
11375,4
16977,5
16553,
21501,1
7876,6 9
26666,6 7
28081,2
23708,4 6
15160,2
28044,0 4
21711,4 6
3632,4
24323,6
19523,1
29294,2 4
10011,4
11946,7
20661,4
15442,3 7
7350,4
30705,4
27755,4 6
14299,2 7
22775,4 6
6533,4 7
24115,4
9955,4
30398,2
14357,4
7860,6
26663,2 3
20371,4
8739,0 4
23495,4 7
19548,4 7
23866,2 4 6
26617,3 4
30393,6 7
22782,3
19938,3
6916,6 7
12296,7
11968,6
27077,6 7
26325,4
22049,4 6
6631,
4937,4
29370,4
14735,4
14698,0 4
24955,4
30151,5
30681,4
6370,
26541,3 4
12162,4 7
477,4
12489,4
1379,3 4
25857,5
5615,4 6
8531,4 6
20279,3
14589,0
21723,0 4
1254,4
2081,5
15470,4 6
16954,4
2575,7
15545,4 7
22133,4
19900,2 5
6922,6
30746,4
22393,4
7772,
15731,5
24419,1
9997,4
21032,4 7
11370,6 7
20215,4
24653,5
7482,3 4
28651,1 4
28667,2 4
27017,4 5
26086,4 6
21926,4 6
27289,4
7863,7
10304,4 6
5462,9
18463,6
29687,
8247,6
26057,4
24315,4
836,4
4658,6
3185,9
22749,2
17125,
21800,4 6
20039,1 4 7
6304,0 2 6
1789,1
5375,3
26003,7
23192,3
13332,6
26099,4
24202,6
4284,4 6
4868,4 6
4401,1 4
9664,1
5044,4 6 7
4152,3 4
26724,4 6
23695,1
16594,6
12000,4 5
30120,4
1652,4
24502,1 4
6887,4
25442,6 7
194,6
2883,2 4
20100,4
26797,
1743,
10492,7
13100,1 4
10706,4 6
14803,2 6
153,6 7
20186,4 6
31019,4
21940,4
18593,4
25988,4
3376,6
8918,1
17545,4 6
13308,0
959,6
2572,9
8150,4 5
2943,4 6
13387,5
13699,0 2
24286,
12726,2
12151,4 6 7
19562,6
25339,0
12278,2 4
4675,4
15997,4 6
4548,
26514,3 4
1954,6
15541,4
30809,4
16248,4
274,1 4
28952,3
22206,4
19267,4
17297,4 6
8927,0 4
22150,5
19307,4
16651,6
22035,4
28261,4
25672,
44,4 6
164,
9727,4
15450,4
8214,4
10383,4
24183,6 7
22908,3
15800,4 7
128,3
29980,
17086,3
497,3 6
26185,4 6
30274,4 6
5822,7
4654,3
10331,4 6
548,4
26812,4
26461,6
19009,4 6
25783,4
15615,3 4
435,4
12631,4
10034,0 4
24097,4 6
20987,
21866,4
15818,
27092,
12770,
9074,4
18994,4
11160,7
3040,1
2363,2 4
26772,6
30026,3
17823,4
28531,0 4
23586,6
25931,4
1083,4
30128,2 4
7549,4
30712,4
1780,4
12187,4
23938,3 4
1827,4
15324,4 6
27212,4 6
15985,0
14179,2 4
10292,2
22518,7
15292,2
15490,4 5
12150,1 4
28428,4 5
21508,4 6 7
14609,4
8521,7
20438,4
7746,4 6
8477,4
27039,2
16070,3
950,6
18444,
20499,4 6
28635,4
21154,2
14997,1
28493,4
20404,4 6
5325,4 6
1247,4 7
3574,4
22926,2 4
546,4
3558,7
2229,4 5
20508,2 6
30203,6 8
7485,3
8383,4
29136,0
2631,4
9525,4
11172,1
11603,4 6
4780,4
15983,4
11556,
14708,6
21736,
1243,3
16991,2 4
22948,6
3139,7
28438,0
20531,5
17064,4
3514,6
2651,1 4
12147,6
13165,2
11860,2
7443,4
19635,4
10293,6
18358,4
28704,4
27197,0 4
10232,4 6
469,2
13436,4 5
29732,6 7
17847,4
7605,4 6
19611,
5846,4
17748,4
27514,0
17307,2 4
1245,4
13358,1 4
9880,6
29331,6
483,4
24495,2 6
19212,4
18160,1
16099,4
6737,4
4031,2 4
26052,0
14150,6 9
3671,6
3306,7
20868,4
21837,2
10174,3
15390,2 4
11433,6
24034,6
21839,2 4 6
7430,4
218,2
22758,4 6
18325,
14565,4
16095,0
28485,4 6
11984,6
501,
18169,4
2020,
21056,3
16007,6
1808,4
20310,9
20541,6 9
24902,0 4
24470,4 6
2795,
21431,4
7299,4
9907,4 7
1474,
30490,4 6
28869,5
7501,5
30019,0
11829,3 4
30167,
5785,4 6
10908,6
637,2 4
10484,4 6
8424,4 6
702,4 6
5671,0
29065,3
15886,5
22486,
29286,4
21937,4
16057,6
7088,0
9360,0
1718,4
8058,6
29895,3
16937,4 6
30440,2
12472,4
9996,0 2
18946,2 4
10797,4
74,2 4
9582,6
13019,7
6872,9
8362,4
4060,4
28419,4 7
9561,4
1034,
28184,4
20823,
5868,2 4
8824,7
29853,1
14626,4
13126,4
9436,
28365,4 6
10091,6 7
30502,4 6
2339,4 6
13208,3
30873,4
25921,4 6
6684,
28933,
17964,0
4787,4 6
4686,7
25734,
30256,
12904,
19178,1 4
30374,4
28673,
5094,4
14866,4
8455,4 6
15391,1 4
21844,4
31026,4
5614,3
10975,5 6
15317,6
18913,9
1568,4
24303,4 7
16378,4
5120,4
5867,4
6023,9
29530,4
15451,4 8
26340,4
29553,0
9887,6
10421,4
11086,6
30317,2 7
29645,
3470,6 7
27323,6
9730,5
20973,4 6
17916,7
23675,6
24460,4
7870,4 7
3433,3
14298,4 8
13812,4
18309,4
2650,4
7364,4
23474,4 7
6772,5
1547,3
14888,2
23763,1 4
29845,3 4
14039,6
7671,4
27231,
2505,
27647,4
30857,4
17800,4 6
7143,
745,0
28625,
26130,4 6
7199,2 4
24717,4
5702,0 4
20542,4
27446,4 6
24198,4
12256,3 4
3764,
17225,4
3059,5
9637,2
17966,4
28812,0 4
17434,4
14841,3
6688,0
11975,4 6
26199,3 4
17953,4 7
15091,2
5066,6
23508,4 6
1619,2 7
29123,1 4
10017,4
29361,2 4 6
12045,1 4
18458,0 4
20571,2
11973,4
15961,7
18431,6 7
15472,
27586,6
6193,5
9684,4
29755,6
10998,6
5089,7
2300,4
12206,4
20577,4 7
26040,2
17445,4 6
21869,4
29733,0
28840,4
11049,
17920,3 4
16401,4 6
12914,2 3 4
20621,3 4
24891,7
4421,1
16092,2 4
30255,4 5
13890,9
18282,6
7820,4
9872,1
6390,4
4183,4 6
9861,
14326,2
4300,4 6
5801,
11692,
666,3
4157,
19666,
809,
23776,4 6
28868,
4483,4 6
25886,4 6
6422,9
489,4
6575,4
6895,4
23575,4
10190,2
2329,1 2 4
19260,4
17891,0 4
2118,6
2452,
8841,
24875,4
3345,0
24770,4
12577,4
19072,4 5
20264,4
14311,2
8098,4 6
21108,
1861,4 6 7
9107,2
11368,7
22065,4
19590,4
17095,1
30162,4
24204,4
30258,
5786,4
11702,6
1491,4 6
5219,1
14341,0 4
13731,4 5
17011,4
9356,4
23577,5
26390,4
30206,4
25970,5
28049,6 7
22568,
14486,
11054,4
5926,7
17253,4
24599,
8662,7
4418,4
11875,4 5
21002,6
6232,4
4181,4
28579,3
3389,4 6
29569,5 6
27367,7
13752,2 4
6373,7
24924,
21624,3
10227,7
12584,
24476,4 7
7414,3 7
9010,3
6363,4
1014,5
9701,4 6
24505,4
22951,4 6
23027,2
8869,1 6
371,0
13963,4
30011,6
26088,0 2
29187,5
19716,2
6155,0
2200,4
9122,4 6
26861,9
13355,3
917,5
12019,4
20659,6
4537,4
28141,1
2841,6 7
20200,4 6
8337,4 6
1548,3 4
5599,4
20290,1
15851,4 6
1219,6
17854,4
29109,3
22528,7
191,2
16342,
3469,4 6
24714,4
2751,4
10003,4
2988,4 6
6694,6
22326,4 6
5177,4
13726,4 7
24258,4 6
1637,2 4
645,4
8906,4 6
6226,0
391,1
7295,2 4
15473,6
30369,6 7
11728,1
20225,1 4
24325,5
12419,5
16622,0
21443,1
22954,4
1759,4
25291,0 4
16518,4
26386,9
17290,3
15599,4
19692,6
14848,4
2945,4 6
11880,0 4
21120,
1267,4
1117,4 6
24862,6
9822,4
4416,5
23301,4
24826,4 6
7637,6
4794,2
9715,4
10951,6
24218,2 4
25514,4
7150,2
23130,4
25593,7
2792,3
14055,4 6 7
6272,4 5
13944,4 6
6932,2 4
14540,
21428,6
29760,0 4
8242,4
25282,6
24235,6
29078,6 7
12876,4 7
26069,4
20318,4
20204,2
11639,4 6
15709,4
7628,8
10788,2 4
5343,4 6
6549,4
2055,3
21665,4
3541,0
27431,4 7
6660,7
21812,0 4
7563,7
26581,4 7
10106,6
25688,6
14442,6 7
11734,3
3164,4
29806,7
23079,1 4 6
14506,1 4
27946,4
23232,4 7
631,9
14130,1 4
25386,4
20070,
7646,2 6 7
30341,4
18273,4 6
1344,9
26648,7
17345,1 4
18878,2
16047,
19637,5
26299,4 6
13030,5
2233,0
15879,1
9425,6 7
21833,6
15083,9
23048,3 4
22105,4
10453,6
9171,4
19721,4
26122,6
25172,4
25030,3
1900,6
821,7
12367,4
20179,
587,4
15314,4
4610,
23690,4 7
25515,4
14333,0
24200,4
5452,2 4
30388,0 4
2366,
15269,4 6
22704,3
20387,0
9165,
27677,4
22066,2 4
19664,6
11474,4
1758,4
24033,7
30410,3 6
13795,2
23183,7
13053,2
19985,6
27874,4
22338,4
28140,4
18196,4
30935,4
1607,4
22992,4 6
28692,4
28498,4
28731,4
30827,3
16700,7
29121,2 4
18614,4 6
28716,6
12243,4
28537,4 6
16085,2 6
24368,4
29536,4
4714,1 6
22962,9
10609,3 4
2146,6
15033,0
12695,2 4
7248,4 7
385,0 4
20928,6 7
10789,4
27775,1
30660,4 5
1628,2 6
6308,4 7
5978,0
30049,
18413,
1069,1 4
13959,3 4 6
24388,4 7
13104,2 4
18668,4
7102,2 4
15468,1
4625,7
9020,4
618,4
18386,6
14050,6
25140,6 7
8690,4 7
3230,2 4
20386,6
11950,3
6543,6
1300,0
27845,2 4 6
681,4 6 7
17183,1
21237,4
11379,4 6
1039,4 6
21671,4
30719,
18495,4
22462,6
10431,0
5353,6 7
19387,
15277,
30796,9
30554,6
17047,4
22661,
24136,
25826,4 6
23295,1
14313,6
1952,4 6
12281,4
14317,3
29233,4 7
11425,4
1387,4 6
23547,1 4
10680,4
22597,4
22339,4 7
17549,6
19671,2
26737,7
24324,4
23226,7
10301,4
15705,6
29722,2
4449,2 6
3740,4
4592,6
8380,4
20028,4
3380,4 5
7260,6
1375,4 6
333,3
19628,6 7
7314,3 4
26018,4
23056,6
29994,9
30309,4 7
24691,4
22762,4
21683,
21976,3
17109,
5788,4
19335,7
12272,4 6
1816,4 6
5997,4 6
29623,4 6
29461,4
26763,4
17612,1 4
15796,2 3
1969,4
10579,4 6
11878,4 6
17514,4 6
4773,
28415,4
18409,
5007,4
23109,4 8
18397,2
4050,4
9868,2
16533,4
22964,4
23199,4
26911,4 6
18310,4 8
11823,1
6356,4
19884,6
25825,1 4 6
20277,4 5
19133,4 6
22636,1
8170,4
22898,4 7
33,7
8525,1
30728,4
293,6
2745,4
5250,
2479,4 6
1977,2 4
2940,4
26768,6
26656,7
20477,4 6
3282,3
27577,
24212,4
1919,4
29135,4
30267,5
9940,5
24110,6 7
17375,9
30421,4
29506,2 6
28841,0
12259,4
362,5
18725,0 4
6441,8
25614,3
4202,4
11976,4
20180,7
4288,0 4
20253,4 7
29678,0 4
21386,6 7
478,2 5
4305,1 4
7978,7
29260,5
6799,0
16690,0
23705,7
14278,9
630,4
19044,4
17418,4
21446,0
12044,6
5697,6
8494,4
5958,4 6
30805,0 4
10644,0 4
23581,4
15456,0 4 6
20489,4
24206,4
4127,4
7132,4 7
1528,4
28964,4 6
1161,3 4
11020,0 4
6763,4 6
9437,4 6
8985,4
15291,1
30755,0
18042,4
7469,4 6
9014,2 4
21715,0 3 4
30567,4
8493,4
19315,4
8905,
19748,4 6
22315,6
23362,4
3788,4
17409,3 4
17442,4
18987,
28100,3
28218,7
25141,7
17651,4 6
25524,4 7
10686,4
21268,4
19987,4
5064,4
17701,4
29273,4 7
23742,5
8224,
22216,4
1435,6
22164,0 4
25551,4 6
18123,4
9885,9
21750,3 4
13529,
27895,4 7
25390,4
9185,4
27091,4 6
3085,6
23980,
7861,6
1828,5
9857,
7390,4
3576,4 5
1001,4 6
9692,3
4058,4 7
19742,4
1456,7
30768,6
23375,2 4
27400,6
16061,4
11259,2 4 5
21743,4
7270,4 6
19059,7
18928,4
30248,1
21840,5
27931,4
8695,
15350,7
12569,4
9984,4
9530,6
23863,1
19190,0
7034,0 4
4278,3
28784,3
2315,4
24720,4 6
24817,4
22538,4
9794,4
748,4
29074,4 6
13029,6
30323,3
29878,1
13081,3
1393,4 6
11465,4 6
21536,4
20140,4
7782,4
5980,6
13998,6
8617,4
3307,4
13957,0 4
27130,4
14973,
27978,4
30386,2
12209,4
24521,2 4 6
7041,4 6
11578,4
8583,4
10799,
15098,4
25706,6
10699,4
15826,1 4
20752,4
25477,4 7
18056,6
16547,0
17594,4
26800,2 4
12648,6
24066,2 6
13564,7
11269,2
29412,4
7496,1
5805,4
38,4 6
21256,4
4624,1
19604,4
3696,4
1481,
7368,
6186,4 7
10315,7
25471,2
20448,6 7
4136,6
16522,6 7
14245,1 4
23767,4
12831,4 7
2349,6
11799,4 6
16455,4
19819,0
6035,3 7
24288,7
2144,4
16526,4 7
5884,1
21400,4
24252,4 6
8104,4
2736,9
17473,4
662,4
28653,3 4
2443,4
1313,
17931,9
18496,6
20035,4
29179,4
1570,2 4
15505,4 6
1214,4
23062,
26801,0 4
27430,6
3997,2
5736,
23111,1 4
10727,6 7
4488,4
16005,4
24867,4 7
8186,5
30910,1 4
3439,6
11277,4
20958,4
19893,
10176,6
19461,9
21286,4 6
7209,
25034,0
7661,4 6
16857,4
23898,6
4172,3
8720,5
1446,6
1993,4 6
730,2
28093,4
24381,8
27438,4
22958,6
4493,0
22330,
12589,
14962,3
17512,3 4
30426,
26610,4 7
23620,4
8533,4
8954,2
8723,4
4159,6
16924,1 4
17240,4 6
20478,4
4590,6
10776,4 6
26163,4
13986,4
20066,4
16898,4
25903,4
17567,4
19259,6
1292,7
3924,2 4
13942,6
17331,
19782,6 7
16514,4 7
30131,6 7
29891,4
8595,4
26233,7
16409,3
3097,4
26139,4 6 7
1782,4 6
18293,
754,1
29955,4 5
30365,4
10209,2 7
25864,1 4
27820,3 4
25711,4
28594,4
6002,
19585,0
22853,
20871,4 5
16683,7
9474,4
4409,1 4
5685,7
7402,4
8444,4
22370,4
8722,4
18071,2
25646,4
29008,3
3742,4
13603,4 7
16135,7
3876,5
17592,6 7
1711,6
4986,6 7
28976,1
17719,5
27481,5
27765,
10627,6
6294,
25411,4
29372,
6781,4
25097,4
26517,4
6251,7
13261,4 6
15048,2 4
23827,4
22040,
20340,0
23847,4
23893,4
24688,0
29092,4
22849,4 6
6417,3
24866,3
29545,4
18305,4
18088,4
6827,4 6
9821,4 6
26143,6
24390,0 4
22814,9
26333,3
1678,
23599,2 4 6
7298,6
20705,4 6
27603,4
19991,4
24246,4 6
20657,6
17581,4
2979,0 4
17303,7
21213,6
3443,4
26490,6
8402,4 6
29325,4
5857,
19970,4 7
4829,6
12827,4
5262,4 6
22857,3
26150,4
12064,
24273,4 6 7
15378,0
2546,
4426,4
10476,0
1795,0 4
20401,2
28486,7
29052,6
16714,4
21690,0 4
11533,4
26922,4
10743,
1571,
27509,4
6104,0
8902,4 5
3620,6
9654,4 7
5155,4
21301,4
15123,0
17353,2 4 6
6080,4 5
26059,4 6 7
16679,4 6
97,
23632,0 4
983,6 7
1946,3
25447,9
4017,3 4
3728,1 4
3140,5
6152,2 4
15640,0 4
5659,1
14696,1
4546,6
22623,4 5
2,3
10004,4
4456,1
14774,4 7
19911,4
19923,4
19427,4
18414,2 4
24705,4
3158,
25913,4
27517,1
19897,2
28176,3
13938,1 4
28637,3
9859,
12416,4
21104,6
7271,1
3572,6
20552,1 4
25107,3
19432,0
12999,4
14828,4
2684,4 5
16281,2 4
27701,7
2267,4
16958,
20937,6
10581,2 6
14217,3
13885,3
25351,4
5510,
20797,
13525,4 6
3730,4
19232,4 6
66,3 4
12339,4 7
26701,0
13201,
6076,4
8059,5 6
14809,4 5
28578,4
30196,4
10211,6 7
15907,4 6
7642,4
17574,4
28606,4
19321,4
19165,7
19031,5
18794,4
8965,4
12912,
27957,2
21191,
29152,1 4 7
21956,4
3953,3
11174,
11901,4
2618,5
5606,4 7
25365,4 6
993,4
24920,4 5
5592,2 3 4
16654,4
28295,7
12207,4
12347,6
30344,4
26532,2 4
3244,4 6
16022,3 4
5063,4
3248,5
13857,0 3
11670,4 5
7694,5
11495,6 7
10507,7
18599,2 4
8795,4 5
6025,0
10271,6
275,4 7
30434,4
24328,0
5402,7
15084,4
20723,4 7
23700,4 7
10007,6
27161,5
7095,0
13750,4 6
17607,1
29936,4
9543,
26769,4
20127,4
24171,4 6
2932,4
21730,4
9364,
30084,4 6
11390,0
22503,0 4
10055,4
16663,4
115,2
3771,6
5680,4
4001,4
30585,6
26113,4 6
14148,2 4
28325,6
28008,6
30881,4 6
26903,6
17614,4 7
25268,0 4
18616,5
18611,4
28328,0
3595,1 4
15835,6
19888,5
22319,4
11237,4
9170,4
27120,
8218,7
17078,2 6
14076,6
16997,2
10512,3 7
17787,
8911,2 3
22368,4 7
6377,2 4
11247,3 4
24342,6
6783,3
12972,4
17690,1 4
6650,4 7
11502,4
9586,6
6317,0
17799,4 6
1195,3 4
16972,4 6
1428,4 6
14858,4 6 7
9009,4 5
26570,4
23661,4
19399,4
8177,4 6
22642,7
23067,4
9970,4
13313,2
20977,4 6
11689,0 4
8514,4
9141,4 6
30963,4
3506,6 8
9644,6
9602,3
2528,3 4
29124,4 6
5281,0
30888,1 4
13499,7
10258,3 4
3677,4
4135,4
13402,4
298,3 6
1729,4
1196,4
13089,4 5
16408,2 4 6
133,
21030,4
6747,7
18553,1 4
23162,4 7
25794,4 6
5772,6
7955,2
19720,3
21040,4 7
24432,2 4 6
17789,4 6
21983,5
310,4
26454,6
11248,
2907,1 4
29077,4 6
19382,4
13800,4
15496,5
25168,6
12866,4
11762,4
140,0 4
8413,4 7
12105,2 4 6
14425,7
3004,0
1055,4
22044,6
20993,6
1230,3 4
231,4 5
24052,4
9405,3
6045,
21534,1
21635,4
15881,
23330,1 4
23548,6
11499,5
29248,3
3350,4
11484,4
25120,4 7
22002,1 4
9409,4
22452,4
17921,2 4
15891,
14491,
21797,2 4
13539,1 6
3160,4
21970,3
12642,0 4
14042,7
30075,4
7214,4
26631,
19121,3
8102,4
4367,4 6
18404,4
23151,4 5
23212,8
27731,4
24201,7
23971,
12024,
10624,6
2222,0
7638,4
15016,6
1445,4 6
24723,7
17053,
25156,4 6
25274,2 6
22745,4
250,2 4
5827,0
9204,3
23447,5
9037,4 5
20572,7
22529,3
24738,4 6
29022,4
19150,2
22199,2 3 4
19329,4
5528,3
19967,2 4
3602,9
13769,4
12821,4
14649,4
28705,4 7
1975,4
56,4 6
15126,2
22906,9
5398,1
9707,4 6
19071,0 4
22502,6
20458,4
27363,0
2257,6
11826,
21882,2 4
15914,2 4
1967,4
30045,2 4
22362,4
27711,1
11418,1 4 6
1099,4
9102,4
932,6
12219,7
13085,4 7
17968,3
2678,6 7
13531,2 4
13057,4
24537,4
10540,2 4
9807,2 4
8324,
27712,
29063,4 7
28195,4
17583,0
19363,4
26468,7
5712,0 4
23388,4
12862,4
7278,4
11057,7
26927,4 6
6788,7
2154,
14967,4 6
24606,2
16439,6
13428,6
23935,1
4665,4 6
20721,2
19211,
17713,
6460,0 4
28453,2
23153,
24383,4
8225,5
29642,4
2469,4
28169,3
24477,6
6007,4
27452,4
1559,4
1095,2 6
8671,4
18789,
5242,4
15977,6
12338,4
6990,0
15254,2 4
4299,4
20220,4 6
12923,1
23793,4
21558,4
13662,4
8750,
17760,5
18321,2 4
16584,4
28435,4 6
1354,1
3260,4 5
10182,4 7
10872,7
23900,
19930,0
18973,0
24789,4 7
6229,
9883,0 2
29610,4
20636,4
13711,4
18508,6
11299,4
4168,4
22747,3
20431,4 6
13743,4
3360,4 6
26720,4 6
29592,2 4
15700,4
26393,3
21064,4 6
23625,
6110,4
22776,1 4
11777,4
14874,6
784,4
24074,4
17637,7
30628,4 6
21294,0
8205,4
24986,
21060,4
23147,4
8409,4
25548,
23286,4
30252,
13039,2
22332,
16902,4
6551,
3888,9
3590,4
21370,5
15772,5
6227,
6593,5 6
27538,4
4196,4
6015,4
1220,4
30951,4 6
15463,
7354,6
27840,4 5
11994,6 7
29751,4 6
29040,6 7
14228,
1074,4
29499,6
27983,4
5090,7
27605,6
10457,
4097,
10850,3 4
8167,4 6 7
20485,4 6
1052,2
17906,4 6
18541,4 6
9189,7
664,4 7
19814,0
9480,2 7
25762,4 6
6663,5
13997,6
19478,4
18877,
19835,2 3 4
4993,4
3523,6
19130,
29728,5
23281,4
23224,4 6
18907,4
4932,3
16775,
28014,4
11005,4
8727,4
900,3
15239,0 4
24946,6
20832,4 6
4164,4 5
3451,4
21062,4 7
28144,7
13534,1
30994,4
25656,4
18468,4
6197,6 7
10110,4 6
25661,1
453,9
26511,7
14657,4
15787,4
5113,0
19803,7
19143,4 5
740,8
10400,
7446,4
18654,6
14239,4
5908,7
17471,3
10354,6
19975,2
12846,2
12793,4
24979,5 6
5386,3
19603,2 4 7
15537,4 6 7
27941,3 6
14899,6
3528,
8524,4 6
6383,6
19705,4 6
228,7
10726,4
20402,1 4
195,7
12294,4 6
15931,4
20909,4 6
22561,5 6
12203,4 6 7
2026,4
23771,
28183,
16261,2 6
17349,3
1686,6
25527,3 4
4501,2 4
6749,4
30826,7
28575,7
10175,4
16404,6
28813,4 6
2001,4 6
29477,6
2486,4
31028,7
6058,3 4
29105,4
26012,0
29899,3
17774,
8618,4
27311,4 6
7403,4
14529,7
7718,
4831,6
10081,9
13491,4
1279,
11096,6
30775,7
18297,2 6
11489,1
20854,6 7
7023,4 6
4705,7
15927,4
21951,4
25721,6 7
28203,6
13309,2 6
20150,9
800,4
18379,4
28722,4 7
24747,4
11141,1 4
28761,0 4
26518,0
11383,
2679,5
20712,4
28057,0 4
2809,4
14570,6
12658,
24731,
25509,6
16962,2 4
4893,4
12106,4
6522,2
29056,6
21129,4
17227,
25780,
17174,4
28942,5
30683,4
2247,4
27593,7
12764,1
2211,4
46,0 2
2514,
11597,4
12657,2
6801,4
18277,4
28389,4
7120,0
29657,4
14001,4 6
17487,2
25466,4 7
8975,4
21421,4 6
19836,3 4
25778,0
14919,1 4
30141,4
24727,2
22497,2 4
16241,4 7
16276,
13163,4
1248,2
9673,4
15793,4
18847,9
18775,
9369,
27217,4
10734,4
24510,5
23270,
26586,4
7665,4
3588,6
17727,4
4521,4
16620,4 7
11660,3 7
10266,
4334,4
20981,4
18020,4 6
16670,7
25366,4 6
29694,4
21497,6
1398,7
20475,4 5
27233,6
5384,3
19992,5
9514,0
21582,4 7
29612,4
10470,6
26564,4 6
18774,2
22246,7
8469,4
16861,7
8319,3 4
21739,4
16943,0 4
27805,4 6
20434,3
18109,4
2228,0
12939,1 9
8440,3 4
18451,4 6
28256,4 7
9777,4
9244,4
31065,5
21106,9
20934,0 4
25285,4 5
19964,
23390,4
15525,4
5307,
7996,7
888,4
9012,4 6
6295,4
12601,4
22159,6 7
24696,2
10934,4 6
17630,
24726,4
12815,2 4
29785,0 4
17027,4
28767,4
5173,6
1169,6
30655,4 6
19849,4
24234,2
7445,4
4515,4
18748,4
27119,9
16036,4 6
15804,4 6
7341,4 6
21348,4
26902,4
593,4 6
24301,4
12235,9
16389,0
5461,2 4
26024,4
16191,2
29316,4
13293,4
13427,5
24587,
21733,4 6
18415,
20744,4 6
29034,4 7
23039,2
25330,2 4
12652,2
15200,3
2128,4
13926,
13886,4 7
23595,4 7
4730,2 4
27816,4 6
23095,4
24990,4 6
1197,4
18683,2 4
11634,3
6970,4
2766,1
15077,6
16615,4
19318,4
28552,9
2140,4
29236,4 6
25491,0
16328,3 6
3970,6
12179,4
21646,7
15418,4
367,7
19210,4
15282,1
30657,0 7
18139,4
23729,4 5
26119,4 6
3601,3
16854,9
13105,6
10425,2 4
23910,4
18024,4
12318,4
10,4 7
2027,
8068,4 7
8947,4 5
20440,4
14819,4
8958,4
15533,4
22205,4
16981,4 7
1131,4 6
13775,4
4154,8
18562,4
8553,1 4
20364,7
332,1 4
20947,4
17254,4
10441,4 6
8029,2 4
19456,7
18008,7
14254,4
12795,7
15227,4
4921,1
12968,7
17827,3 4
11151,4
21486,4 6 7
1159,2 4
23861,4 6
1228,7
11230,4 7
4486,4
17666,4 6
11922,4 6
24281,3 4
5991,1 4
14080,4 7
3681,1 4
3649,4
11822,4
24949,6
10375,1
18084,2 4 6
11093,4 8
10502,3
26696,4
1265,4
24049,0
19560,4
29049,4 8
6759,5
502,4 6
13851,8
7893,4
18765,4
9381,2 6
20008,
29591,7
29736,6
2904,4
22476,3 4
18870,4
19048,3
15392,4
25525,0
11058,4
20624,0
6378,0
12380,4
16777,6
23646,4
1591,
15588,4 7
2963,1 4
24939,5
8349,7
1750,4 6
3692,4
30110,4
30607,4 6
14296,3 4
8932,4 5
12820,7
8651,
2755,4
25624,4
2448,4 7
528,4 6
28580,8
556,4
12630,4
10070,
30009,
697,6 7
27312,
1825,7
17045,7
10387,4
10463,4 6
3385,4 6
22778,4 6 7
26590,6
13236,
6900,9
18202,4 6
11286,3
3787,7
10146,5
6993,4
27678,3
5560,4
5164,4
30261,6
5603,4 5
11278,4 6 7
6620,2 4
14091,0 2
27483,7
23549,4
2352,4
1048,4
25304,7
12725,2 4
5668,4
23146,4
13815,4
10294,4 6
20265,4 6
5359,4 5
6130,3 4
20081,4
5504,2 4
12195,4 6
21430,4 6
18135,4
18371,4 6
12056,4 5
9111,4 5
25445,6
2226,3
2003,4 6
22527,4
19291,4
27515,0
30443,6
21600,2
3818,0
27316,6
17384,1
8652,4
17456,4 6
18208,4
27293,0
20105,1 4
10697,2 4 6
18503,4
10640,6 7
20262,
14010,4
8770,6 7
17686,4
11271,4 6
31021,6
23884,
6135,6
27076,4
6431,
16225,4 6
27702,2
27195,4
9590,3 6
25643,4 7
7012,2
27251,2 4
5838,4 6
20889,0 7
26295,6 7
18360,
19703,7
18674,4
30092,0
28042,
24849,4
12879,4
5582,6
22084,2 4
10503,2 4
12611,2
29504,6
3779,4 6
118,4 7
28829,4
24306,1
28687,4
4158,4 6
9431,4 6
22594,4
30318,7
2912,2 6
21943,2
30106,2
4431,5
6652,7
7691,3
18288,9
11534,4
5144,
16134,6
6909,7
28017,4
18031,4 7
28863,0 4
14324,
26427,4 6
20281,6 7
20219,2
7083,1 4
6817,4
19751,1 4
7283,4
1489,4
5807,2 4 6
27524,4
6644,4
6856,1
6420,4
4162,4
21507,4
15715,1 4
11832,4
20821,4
18805,4 5
29566,4 6
6860,4
4723,5 6
25585,3
27122,2
16543,2 6
7592,4 5
7084,6
23289,4 8
23990,4
26836,1
29190,7
30914,2 4
24142,
2079,6
10049,
10204,0
9739,6
21697,1 4
15758,4
28384,4
4721,4
11965,2
22404,2 4
1449,4
23673,5
7987,6 7
21997,4 6
15779,4
8560,0
22717,4 6
23302,4
23601,2 4
3118,3 4
9139,6
3960,4
29798,4
27021,4 6
18393,4
10910,6
29227,
21406,0
9922,3 4
7819,4 7
4232,6
3784,7
6792,4 7
8948,4
21163,6
9080,6 7
27485,4 6 7
10926,4
28814,4 7
14084,4 7
13430,2
12231,3
16536,4
22247,1
9403,4
27270,2 3 4
10755,4
27030,3
15008,0
13503,4 6
6726,0
14307,
21407,4 6
205,4 6
17084,0
27598,4
28890,0
11339,5
9864,2 4
18163,4
22902,6 7
25529,0
27002,6
26556,6
18229,
23926,2 3 4
5194,4 6
22656,4
28381,6 7
20349,
13195,0 4
27283,4
11159,2 4
13246,3
2981,4 7
17600,0
5210,4
9092,4
20428,0
11516,4 7
843,
15301,0
7970,4
24462,4
30193,
17869,0
882,1
1274,4
8653,4 6
19219,4
17097,0
13544,4
20568,4
10100,4 6
23991,
13275,4
5133,4 7
26414,4
9307,6
9112,3
1378,2
11062,
14811,4
6803,2 4
26264,2 4 6
7014,2 3 4
10882,4
18865,9
8774,2 4
24947,4 5
22799,
13243,4 6
13552,3 4
16851,0
24978,4
18270,5 6
1523,3
10819,4 7
30876,3
23641,6
4378,4 6
22820,0
20578,2 4
29196,5
29181,0 4
4108,4 7
14726,4 6
14908,2
5355,6
16312,2 4
27909,
26179,2 4
29314,4 6
22592,4
11845,4
25015,7
25032,4 6
29532,4
3756,0
20750,6 7
1741,7
31005,8
19075,4
24669,3
3517,
4211,4 6
30074,
7839,7
9931,4
6118,4 6
1734,4
1125,4
16655,4
29157,0 5
12467,4
7993,3
22460,3 4
20696,4 7
3170,0 4
750,4
25395,6 7
2491,6
26275,4 6
24015,6
29871,6 7
3665,1
29446,
4570,4
30336,6
6332,4
7505,5
6492,4 7
9930,4
21357,4 7
3673,4
23669,3
28436,7
4982,5
9912,
28289,6
529,4
5015,3 4
20989,4 7
8859,3
8004,4 6
16841,4
670,7
4184,4 7
659,3
7569,4
401,6
17054,0
8457,1
19067,4
22937,4
27703,6
26196,0
19106,4
24985,
9035,4
16102,4 6
4179,4 6
26429,3 4
22940,2
30760,0
19115,4
15361,
27858,5
12863,0
28476,2 4 6
26155,5
21155,4
6992,7
1439,
9704,4
18364,1
15025,
27783,0
9927,1
18502,0
15416,4
7748,7
14508,
13457,3 4
29844,3
18477,4 7
25668,0
17283,3
20594,4
21425,6
11793,4 6
30944,3
20654,4 7
17593,4 6
5762,2
14441,2 3
28127,4
28078,4 6
25866,2 4
15483,6
6658,
1175,4 5
11091,0
9332,
15939,
3041,4 6
23441,
19538,7
5953,3 4
17792,
10423,4 6
479,
16397,4 6
29775,5 6
15377,2 6
26827,4 7
7698,9
8747,4
5796,1 4
28776,7
10459,3 4
15258,3
28002,4 6
23836,6 7
25369,6
2332,3
8764,6
7380,3
1522,1
14617,4 5
2560,5 6
7027,4
28745,5
4441,4
30680,
19764,3
30132,4
8486,3 4
23110,3 4
26405,6
2442,4 6
8162,4
27915,4 6
11422,4
27969,
25823,4
571,4 6
16749,4
9658,0
21427,4 5
4191,2 4
10713,1 4
24416,4
20830,7
5917,4 6
7140,0
19971,4 8
13473,2 4
5378,2 4
5574,4 6
18471,4
27487,4
15923,1
9309,6 7
25204,4
1370,4 6
11707,4 6
13537,2
12354,4
23417,0 4
23250,3 4
21316,4
2475,4
3732,4 6
17459,4 7
22751,0 4
4264,3
10622,4
1380,5
20157,
24797,4 6
16716,2 4
763,3
25352,4 6 7
11812,4 6
27689,6
18156,4 6
14593,4 7
24014,5 7
11569,7
7476,7
29020,4
6075,4
7790,6 7
17039,7
19777,4 6
8082,4
6921,4
5413,
16480,
5390,3
4856,7
25766,4 7
29451,4
21287,4
21031,4
30902,4
21026,6
8432,4
14474,6
11321,4
20785,2 4
26048,4
13692,4
6857,4 6
25495,2 4
21262,0
5273,3 4
19800,4
26388,4 6
21318,
29702,
13213,4 6
20550,6 9
9745,
491,4 7
15055,7
21936,0 4
16791,1
8052,3
16577,4
12867,3
2838,4 6
26703,1 4
29296,4 6
5043,9
22651,1
8638,4
3896,4
16484,6
26045,4
27224,3
899,4 6
11014,2 4
760,4
16942,4 6
21655,4
7232,4 6
5672,7
4138,7
5748,2 4
14099,6
5077,4
16628,
17954,4
21580,6
13715,6
16521,4 6
4040,
19845,4 6
25079,6
26444,4
19437,4
23023,4 6
28349,3 4
12734,4
20825,0 4
10746,4
3366,4 6
10252,
29711,6
5834,4
26148,4
5450,1
24525,4
23888,4
7553,4
13993,4
27904,6
28928,4
9422,
3826,6
13331,4
29335,2 4
25841,
2884,4 6
15833,4
28272,6
20738,7
24969,4 5
22955,4 5
5919,2 4
3752,4 6
7621,5
24299,2 6
26766,0
13899,4 6
27825,4 6
21875,4 6
26061,4
3489,2 4
22337,
23479,4 6
16886,0 4
27839,7
3501,4
3018,1
29006,0 4
10231,4 5
10637,4
25367,4
25231,6
26279,4
21820,
15660,5
1345,4
24908,3
24856,0 3
30725,4 7
10120,0 4
24761,4
19252,5
28213,6
18896,4
12039,6
11831,5 6
19063,4 8
29565,3
2386,1 4
18296,4
2351,0 4
10830,4
16621,4
24837,2 6
9237,
27626,4
22737,4
5999,4 6
4758,
26595,4 6
25354,4 6 7
9444,6 7
8331,6
24701,4
16149,3 4
25131,5
29867,0
8400,2 4
12930,4
9541,4 6
27255,5 6
10184,7
28263,4
4402,7
3095,2 4
7257,1 4
10363,4
13943,4 7
8306,4 7
5319,2 4
3229,7
29252,6 7
30950,4 7
5661,7
27055,4 7
27070,3 4
12153,4 5
3240,3
27423,3 4
6784,1
1664,6
18359,4
24408,4
3973,5
19295,6
22987,0 4
30066,6 7
24948,0 4
11047,2 4
27332,4
4285,6
20585,4 6
10618,3 4
518,4
17068,6
8097,7
18872,4
26736,9
2586,4
6039,9
21897,2
17058,4
4229,2
31036,1
12053,0 4
29245,4
922,4 6
26025,
15110,4
3375,4 5
2509,4 6
17239,6
11936,6
6161,
13621,
10191,4 6
4023,4
30847,2 4
10586,7
29149,4
24840,2
9700,3
26540,2 4
1070,5
28369,4
22352,4
10062,
27143,4
2721,4
26154,4
11035,4 6
16490,4
13338,4
21462,2
30494,2
21452,4
26046,1 4
3190,2
7186,4
26042,4
26283,7
28170,4 6
251,
17424,4
21599,
4105,4
25202,4 6
16107,9
7789,4
10339,4
9917,4 6
2570,4
14895,6
27822,3
22574,5
20579,4 7
15189,3
25157,
17142,4 6
8229,4
25417,4
12819,3 6
19311,
26181,4
21938,2
15539,
22057,1 4
20960,4
7142,7
17767,9
25760,4
21504,2 4
19618,
30872,4 6
5639,2 4
9569,3
1075,4
11510,3 4
3966,4
7579,4
22524,6 7
15774,4 6
11112,4
13522,
16169,4 7
7595,4 6
5583,4
29783,6
382,6
27871,4
16037,4
2457,4 6
12225,3
8890,9
30812,1
2012,9
19699,4 7
2587,4
1041,2
22418,0
3161,4 6
28360,4
18689,6
12565,2 7
29401,4 6
7303,0
25039,2 4 6
1764,4
7962,4
20684,5
20649,4
15549,6
21676,5
17496,4
2812,2
15766,6
18148,1
1390,9
12309,4 6
2141,4
29224,0
28894,2 4 6
15757,6
24629,4 7
2880,4
8629,6
5880,6
29288,4 6
1162,4
9555,3
24864,1
30874,4
1160,4
17838,4
2336,6
12571,4
10724,6
16454,7
2279,4
27614,3
3225,4
1482,0
6851,4
25163,4 5
1871,4
1867,6
1717,6
12965,
28268,
17643,
12699,2 4
4545,0
15142,6
13035,6 7
19831,4
17862,4 6
19243,4
3617,4
17707,6
15294,4 7
23268,7
25694,4 6
25702,4
15918,4 6
3255,4 8
12680,3
16348,4
20563,6
24133,4
30018,4 7
30782,4
4338,4 6
6374,0
1294,7
2354,4
8138,
27589,4
9945,4
15940,4
26151,4
24661,4 6
4404,4 6
28836,4 5
17260,2 4
27184,4
12466,4
29396,
19973,6
1151,6
8311,0
12066,4 6
20961,4
21410,3
19448,4
22176,4 6
25739,7
2210,4
4460,4
5294,4
24829,
15839,4
26503,2 6
19370,4
9916,3
22207,4
12903,4
11835,2 4
22210,6
21953,1 4
28875,6 7
25662,3 4
11857,2 4
3005,4
4343,7
7900,4
15925,6 7
4188,2
26310,4
7597,4
23654,2 4
89,2
25023,4 6 7
26506,5
25267,4
21556,0 5
28239,1 4
2068,
18130,7
15836,3
21232,4 5
25628,4
5737,7
5257,4
20995,4 6 7
9156,4
23921,9
18029,4
14040,4 7
11400,8
16722,4
26504,0 2
3421,4 6
24385,4
3532,4 6
1673,6
19947,7
11427,4
7051,4 7
6568,4
26178,2 4
17309,4 6
26287,1
18258,4
29151,4
25060,0 4
26789,
15894,4
22233,4
24327,4
19073,4 7
5324,0
1926,4
17857,4
21202,2 4
12870,4 6
30983,4 5
10611,1
19863,4
20918,4
26023,4
3974,4
23801,4 7
2398,1 4 6
1372,
25005,3
19669,1
26247,0 4
26636,6
12508,3
24968,1 4
7312,4 7
1939,4
15143,4
8071,4
20515,5
8580,4 6
14824,6
22390,7
24233,4 7
22489,6
15713,6
20275,6 7
1858,
20055,4
10041,7
13489,6
14737,1 4 6
17033,4 7
23204,6
12705,4
4140,4
3606,4 6
16539,4
24391,6
8989,1
12946,4 6
4891,4
26879,4
27200,4
8866,3
22925,4 7
156,4
269,
22375,4
30790,4 7
7070,
16946,4 7
2830,2
16286,1
18661,
6657,
13326,8
4247,2 6
20769,5
5745,1
25937,6 7
30767,4
2641,4
30887,6
17233,4
7091,
28766,
30077,5 6
11888,
9690,0
12076,4
22882,4 6
690,4 6
3807,4 6
5119,6
30984,0 4
24210,4
29622,4
23202,2
9776,4 7
9131,4 6
29931,
7269,5
8463,4
23664,1
17073,4
26077,1
10405,3
4107,
17840,4
13157,4
26371,4
15186,4 6
10961,7
24163,
4759,2 4
4608,
28125,
29106,8
22481,8
1178,4
26571,6
6061,4
10026,7
6093,1 4
2453,
8817,0 4
3553,4
29169,4 6
28092,3
24334,4
28930,4
24365,4
13762,
29295,7
7721,2 4
21618,7
16911,7
22896,5
8130,6
9013,7
19124,4
12877,6
4615,6
21083,4 6
23164,7
16872,2 4
25993,2 6
2483,6 8
11485,4
9723,4 6
4938,2
15280,2
3640,0
15790,8
29206,4 5
13838,4
3701,4 5
25627,2
27945,
16406,3
9800,
25374,4
29266,4
20820,5
28302,4
12949,0
29690,
9562,6
6529,7
16173,3
6070,4
12556,2 4
26734,7
23215,4 6
24763,5 6
11204,4
3324,4
17678,
1199,5
4785,7
22371,4
5692,2 4
18036,4
26520,2 7
30859,7
24607,0
14461,6
6767,7
17478,4
12638,6
1611,4
24750,4
499,2
1897,4
14643,6 7
14574,4
171,
3066,4
30356,4
1376,1
27639,
12081,4
4528,6
21081,4
27894,6
17245,4 5
14959,6 8
22894,1
3725,4
18639,4
15074,5
20192,6 8
27789,6
5419,4 6
16144,4 6
23982,4 6 7
20292,3
14677,4
26821,0 4
23770,4
5274,4
9633,1
20938,4 5
21818,7
26201,6
10215,2 4
29986,9
6354,0
9347,6 7
11589,
25346,4
30637,4
12268,5
15394,
28448,7
8160,4
24489,6
11487,4
25033,6
3884,0 4
23269,4 6
2082,4
8106,1
13535,7
28871,4
15617,4
20980,6
14667,0
27726,4
29081,4
15471,4
2905,6
13966,4 6
1013,4 8
1299,0 4
6960,5
4349,4
12480,1
27841,3 4
30975,6
8835,6
14954,4
28143,2 4
9353,2
12931,3
29531,4
29281,0 4
10263,6
14163,4
9973,4 6 7
28401,4 6
21242,3 4
12408,2
8336,4
5180,4
8460,1
3958,5
15339,
780,6
3226,4 6
26565,3 4
1135,3 4
27877,6
9472,4
28211,4
2303,4
27564,9
8839,4 7
9415,0
14411,
14397,4 6
24901,6
20045,7
27249,4
28526,4
31049,4
6054,
28762,4 6
16452,4
8537,6
28910,7
5382,4
9352,5
2342,9
12996,6
19355,7
11363,2 5
8600,2
17325,4 7
76,4
8332,0 4
28006,7
1806,6 7
9746,4
23720,6
8023,1 4
27761,6
851,2 6
6142,0
7899,4 6
19877,3 4
2808,4
21769,1
3560,6
25742,4 7
6841,4 6
19982,0
31061,7
5602,6
10568,1
28329,4 6
8832,9
14706,4 6
5197,2
12633,
5357,6
8118,
26109,2 4
7494,2 4
26231,4
24498,4
28555,4
17807,4
20524,7
14891,4
17403,6 7
15465,3 4
6482,9
10736,3
6483,0 4
18634,
4595,0
17661,6
10132,5
22268,4
9755,4
14460,6 7
284,4
14219,4
5346,4
2004,
20024,4
24071,4 6
18714,4
30916,2 4
27482,4
476,3
14647,
27420,4
10370,
2298,7
27285,4 6
14214,6
6281,4
28095,6
4396,3
16718,4
10121,5 6
2387,4
1721,4
61,4 7
15557,1 4
20631,4
3256,4
24788,6
28379,9
22017,4
20251,2 4
21834,
16531,4 6
15882,4
3709,6 7
3903,4
21377,
10157,4
10302,2
14823,4
26963,6
17093,
10792,6
26591,4
21700,6 7
19250,6
16212,5
6693,6
25849,4 5
17480,
2699,4
25228,6
3798,
18155,6
20352,0 4
9835,3
20502,4
21467,2
15699,4
11032,0 4
5400,4
7793,
8623,4 6
22135,2 4
16616,2 4
43,4 6
5812,4 7
11221,4
29068,4 5 6
96,9
19452,4 7
14374,0
1124,7
11771,6
22358,4
26116,6
5272,6
10388,4
14083,4 6
25252,4 6
20888,4
22835,6
28048,4
28388,6 7
4830,4
20095,2
24053,4 7
14538,6
16672,0 4
15224,7
4379,
18095,4
9386,4
17834,4
27882,
8719,6
25286,2
18274,6
14029,6 7
25458,5
17155,2
18497,4 7
25392,4
20667,6
5971,
9144,3
24983,4 7
23294,3
24984,4
21602,4
17474,3 4
25288,6
18886,4 6
10368,4 6 7
12387,4 6
25904,1
28609,4 7
15259,2
25325,4
14127,2 4 5
7020,4
15266,4
27146,4
10833,3
27108,0 4
6298,2 5
14783,0 4
17584,4 6
30290,4 5
3542,4
6397,4
9299,2
5771,2 4
9726,2 4
16097,4
15797,3
27484,4 6
18882,2 4
11143,7
2232,4
5010,
10834,2
9382,4 7
5744,4
21381,6 7
16614,4 7
10006,4
3519,4 6
10707,4 6
26752,6
10827,4 6
17542,
22229,4
12524,
14457,4 6
10668,4
15441,0 4
27987,4
15608,0
14142,4
30407,3
10638,6 7
25578,0 4
17103,4
16153,4 7
4201,1
23209,4
13645,4
12323,4 6
16383,
19833,4
9623,6
18867,2 4
30350,6
14197,4 6 7
17198,4
14838,4
30466,6
9655,3 4
6687,7
14432,4 6
21557,2 4
25728,2 4
18601,4
21474,0
28927,4 7
80,7
21477,2 7
6448,2
20136,2
29749,
22753,0 4
13569,4 6
28615,4
21849,
13273,3
22038,4 6
28052,4
15168,1
10811,4 7
29718,4 6
22245,3 4
11104,4 6
4494,4 6
4507,4 6
3596,5
24844,
3981,6 7
28633,0 5
15870,6 7
29662,4
23091,7
992,4
8384,3
5320,4
30324,
5085,4 7
25791,4
883,4
9287,2 4
27777,4 6
14551,4
15962,4
18089,6
7358,4 6
13909,3
24377,4
6880,7
3761,4
26111,5
30623,4
24292,6 7
14879,4 6
19087,2 4
3562,7
3549,4
22274,9
25743,3 4
30177,6
26075,4
13545,8
20308,4 7
20929,6
456,4
5924,0
10205,3
13987,6
18549,4
19918,3 4
5653,4 5
25853,0 4
24287,2 4
28228,5
18977,1
26761,0
23677,6
3015,5
19029,4 6
27993,4
11071,3
4516,2 6
3801,
29403,
26981,
2487,4 6
12691,2 4
30503,4
416,4
19170,5
19404,
20971,2
5976,9
29842,
10829,1
15661,4 7
29342,0 4
7147,
17606,1
10505,4 6
24079,4 6
29067,4
29481,1 4
17617,6 7
10429,6
17786,6
9116,4 6
20459,4
12130,4
17959,4
25277,2
26192,7
2991,0
12450,4
26223,4 6
14951,3
30624,2 4
1620,2
13421,5
22998,4
956,6
14945,0 4
21020,1 4
28331,4
16357,6
13375,7
16570,4
9710,4 6
12745,
21001,
116,4 6
3651,2 4 6
4771,3
29686,4
22182,9
24482,4
4956,2 4
4375,4 6
26539,5
20295,4
24640,4
27640,4 6
6569,6
2087,2
3347,4
8013,4
27476,4
20722,4 7
9511,4
9936,3
29952,3
7162,
3894,5
2620,2
9291,7
5430,6
12566,4 6
9261,4
18983,3
2992,2 4 7
27818,0 4
13284,
6120,0 4
18641,4 7
21822,2
18002,2
17091,4
14875,4 6
30458,
1057,6
9054,1 6
12036,5
1597,4 7
9339,9
15357,6 7
25247,7
1190,7
2456,4
4869,4
21069,1 4
2449,4
6242,4
21068,4
13354,4 6
24294,4 6
23902,2
522,4
27821,4 7
30590,4
5740,
4782,4 6
12531,6 7
25892,
1475,2
19510,5 7
23031,
19011,4 6
30561,4 6
30061,1
28405,4
26542,4 6 7
12317,4
8775,4
5420,4
15611,7
24373,4 6
12962,2 4
11624,4 6
25382,6
1490,4
11882,
25819,3 4
15575,4
23785,4 7
12093,1 4
15561,4 7
25384,4
619,6
11095,4 6
11870,3 4
15824,6
25584,4
15626,
4117,4
14372,0 4
28193,
15822,5
4980,7
17708,0
2032,3 4
17279,4 7
30630,1
135,4
18997,6
30959,4
16713,3 4
473,4
7121,4 7
12212,
2459,4 7
2243,4
14505,4
5201,3
25129,4
25046,3 4
21883,4
29982,4 7
29501,2 7
19993,3 4
26431,2 4
21755,1 2
11883,4
15591,7
16880,4
18673,
1837,9
7850,
2501,
11268,4
5777,2 4
3273,0
12300,2
17271,3 4
6464,2 4
22639,4 6
276,0
3312,4
11089,2 4
21034,4 5
27754,6 7
10732,
1536,2 4
6555,
20076,4
13826,4 6
19994,0 4
20997,6
7735,4 6
19414,4
25678,4 6
30433,4
28884,1 4
2913,0
6923,4
17149,4 6
3792,4
30924,7
8951,0
30305,9
17367,3 4
15038,4
17169,4
3499,2
28446,7
21920,6 7
4226,2 4
17379,4
2933,4 6
3703,4 7
6314,0
288,4
3653,4 6
14780,4
20017,4 7
26771,4
13300,6
20735,6
12989,4
622,4 6
16360,4
10774,4 6
16709,4
1499,1
12495,4
15624,4
26835,4
15000,1
10761,0
18096,3
3151,
25712,3
3056,3
28036,1 4
28945,
7953,4
26661,4
8594,7
3868,4
30489,7
16119,4 6
5124,5
2718,2 4
25481,0 4
13139,7
24974,4
3183,
25293,4 7
11458,4 6
25338,4 6
30268,2
6237,4 7
15175,4 6
2404,4
16953,1 6
30310,9
10390,3
1084,2 4 6
15399,4 6
23327,1
17206,4 6
18154,
28273,4 6
12616,0
1928,4
17050,4
6476,
18788,1
19043,3
9674,3
19074,4
17382,4
18809,4
27173,
13328,4
29673,4
13724,4 7
18637,3
3025,
16989,4
3411,7
17021,5
11208,4
9705,6
16640,1
27409,4 6
16732,3 4
19214,4 6
11664,6
27470,6 9
19974,2
27148,
7230,
16083,4
22856,4
21836,7
24072,4 7
20357,6 7
21802,4
22309,6
412,7
10675,4 6 7
29079,3
18300,6
19917,4 7
4619,4 5
13062,7
26149,4
14250,4 8
9000,
12241,5
2215,4
72,
14922,4
24000,3
21573,0
14719,4 6
25713,4
10022,4
20903,
11069,4 6
11551,4
14998,6
24935,2
22100,4
22051,4
29043,3
1116,4
6815,6
2090,4
19597,6
19182,4 6
29365,4
6894,4
17106,7
3215,4
22022,4
18636,2 4
17509,4
54,1
27873,6
5854,4
21272,7
15128,1 4
22659,3
9413,4 7
16624,4 6
25894,4 7
20330,4
30112,
23428,2
6369,6
30111,2 4
23932,3
7999,0
11790,4
17252,2 6
14562,3
4950,6
19641,4
20415,1
19745,4 6
14200,0 4
16952,4
5992,
24156,1
11355,0
413,4 7
12893,4
26987,0
17460,
4125,3
26515,0
21217,3 6 7
9773,2 4
26164,4
8773,1 4
23750,6
1915,4
29851,4
20048,4 6
5313,8
2276,2 4
8669,2 4
16256,4 6
2182,4 6
986,
20933,6
2480,4
4503,4 7
28276,6
24746,4
18776,
258,6
18708,1 4
6526,
22752,8
20474,
26246,7
10978,4
28706,7
30629,6
10662,6
14129,7
24703,4
16335,4
2771,1 4
10297,4
20792,4
23197,4
30931,4 6
6209,4 6
4636,1
28618,6
13832,4 6
5239,6
11090,4
203,4 6
2396,4 6
27328,6
9558,6
16831,4
27988,4
5303,2
19602,6
8828,0 4
17993,4
25152,1
21066,0
21747,7
9614,3
11803,4
29445,3 4 6
6021,4
10947,
8700,7
328,2
20695,2
18518,9
19369,0 4
16051,4
10623,4
1605,9
28774,7
81,
24899,4
10756,4
29304,3
29406,3
6151,7
21326,4
3020,6
14110,4
3946,4
4643,2
28661,6
16234,4
4733,4
7541,7
21006,4
20036,4 6
1525,5
15692,
12361,4
3395,4
28279,4
10917,6
10449,3 4
9959,0 7
11852,4
17110,4
1904,4 7
4715,2 4
27899,7
5332,2 4
23580,4
22852,4 6
25243,
20133,3
10597,3 4
26978,4
17219,4
1510,7
16012,2 4
25248,0
3722,
29664,6
147,2 6 7
10129,4
27317,4
15057,1 4
4313,2
28121,7
913,4 6
28987,4
26883,2 4
13592,
14095,
2006,6
18276,6
2920,3
24422,1 4
20843,4
28873,4
24296,4
1394,4
14364,0
29658,1
9030,1
20014,4
21078,4
30218,6
13654,4
10402,3
26600,4
7049,4
19816,4
28553,2 4
5335,4
6920,4 6
6102,
18419,3
26051,4 6
26762,4
2328,4
12998,4
11250,2 4
24113,4
28001,4
3736,4
19861,6
20057,4
18347,7
9252,7
6918,7
580,4
13348,1 4
3150,6
9033,4
18204,4
21007,4
12563,
19709,2 4
9068,1
15602,3
7124,4
21748,4
21991,0 4
25630,0 4
18189,
16889,4
15372,4 6
22034,6
21192,2
6816,4 6
29663,2
18894,4 6
28582,4
25716,2 4
11824,0
8325,
18110,2 4
25305,2 7
22721,0 3
5078,0
6322,4 6
15723,4 6
17448,6 7
28504,6 7
905,
22225,4 7
2450,
2811,4
12258,6
23919,4 6
27325,1 4
12433,2
3468,3
8786,2 4
9057,3 4
29111,4
11690,2 4
574,1
17940,4 7
2746,4 6
2881,2 4
19158,4
1892,6
6762,4
4239,
4634,4 6
8957,5
23381,0 2 4
24500,6
1804,9
2074,6
26548,0 4 7
13321,4
19046,4
31069,4
21634,6
7676,6
7914,4 6
19599,4 6
19373,4
15743,4
22780,6
3988,
2042,4 7
25605,6
3540,4
6945,6
30517,
17104,0
28519,6
19317,0
30228,4
1341,4 6
29232,3 4
4071,7
2782,4
25848,1
26941,4
14926,4
29813,0
22075,4 6 7
12982,4 6
12917,4
11622,5
18261,4
21137,0 2
13897,1
19719,3
21371,4
29212,4 7
9852,1 4
6349,4 6 7
29786,4 6
9597,
23791,4 7
2906,3 4
22681,4 5
25959,7
14661,4 6
23238,4
15959,
16878,3 4
10876,5
22472,2 4
8453,4
4940,4
20867,4
20596,2 4
2521,4
3821,4
18938,3 4
4572,4 6
30230,4
29998,3
1668,4
21798,2 4
6911,6 7
29583,
25273,4
12543,6
24981,4 7
2728,4
20740,4
8408,4
16489,2 3 4
2516,2 4
3584,4
23185,4 6
30137,4
29897,4 6
11190,6
22355,2
7349,4 5
20108,3
19925,4
23103,4
20090,4 5
15036,4
8256,4 6
23569,0
12515,1 4
27110,4
5128,2
22566,4
24493,4
21691,1
6855,3
3799,4 7
6270,4
13576,4 7
13988,4 6 7
22244,6
16843,5
18290,4
21596,7
163,3
4793,4
3513,4
30149,
19396,6 7
30904,2 4
400,6
21550,7
540,4
29758,4
555,4
15875,2 6
19287,
1703,4
8175,6
10994,3
3961,6
15902,4 6
29919,4 5
16222,4
16079,4
30587,3
5080,4
22837,
23986,4
22016,4 7
30232,4
3593,
26080,2 7
15056,4
4341,4
13818,4
1229,2
24024,9
7788,4 6
1006,3
27766,4
26713,1 4 7
13746,0 2
10970,4
14019,5
13739,0
16008,4
25420,3
17017,5
9609,4
4677,4
30889,4
20333,2 4
11113,4 7
17731,4
8043,3
4928,8
18957,4 7
11887,9
7964,0 6
21187,6 7
11566,5
2896,6
9083,4
24338,2 4
9956,4
4640,4 6
9666,2 4
27087,4 6
30186,4 7
2023,2 4
6164,4
29320,2
21995,4
17797,6
589,4
3076,0 4
31030,6 7
22593,2 4
20484,5
12623,3 4
24401,
14310,6
6008,7
19500,3
765,6
1494,4
16105,4 6
3809,6
11978,2 4
2893,4
22142,3 4
5660,4 6
2183,9
3249,2 6
474,7
11498,4 6
8691,1
28386,4
24222,3
8348,4
29754,0 4
16438,5
9942,4
9435,6
20509,
15068,4
12285,0 4
25235,6
17365,4 7
22804,2
26522,6
15420,7
26683,0
18703,6
1509,0
27492,4
16285,1 4 7
27927,4 6
8790,1
9620,4
21642,3 4
19916,3 4
12832,2 4
27642,2
21332,5
26834,5
1809,4 6
20710,4 5
9072,6 7
19175,4 7
17129,4
7467,4
12932,6
2658,4 6
2460,4 6
18969,
27968,0 4
7593,
18367,6
10347,4
13132,4
21359,4 6
26820,0
11264,0
5424,
10435,4 6
10010,1 4
29023,7
10814,2 4
99,2 4
8674,4 6
13623,5
13633,6
12865,4
11552,4 7
7382,4
5193,5
18281,4 6
8090,4 7
6746,4 6
4871,6
10899,
30051,6
5591,1
10554,6
19160,4 7
12449,0 4
16236,4 6 7
15577,4 7
28918,1
6208,4
20583,4
22647,4 7
6442,4
454,1
18170,4
30359,4 6 7
4005,4 7
10469,4
1501,
15129,4 7
22996,4 6
22468,4 7
12675,4
15312,7
14406,3 4
1706,7
27267,7
29724,
21633,6
8680,4
1731,3 4
18834,2 4
14170,
16960,4 6
26410,0
12792,4
16435,4
13335,4 7
18577,4
18745,3
20311,4 6
8265,4 7
5236,6
1277,
28298,4
639,2 4
27125,2 4
16613,1
3177,8
19047,4
20616,6
22808,4 6
23778,4
12798,3
5222,0 4
23835,4 6
13209,4
21267,2 6
11077,4
19830,
11530,
20611,4 6
14710,4
10944,4
29042,
1941,4
15427,4
3174,5
7527,1 4
19896,4
11722,4
9696,7
24185,4
20483,4 6
8053,4
14175,0
3286,4 6
18675,4 7
24405,4
2588,4
10824,
3252,7
24562,4
28227,
3370,4 6
1710,
11123,4
26315,4
28231,0
6929,4
17261,4
29680,4
1186,4 6
18694,4 5
11170,
26334,6
21003,6 7
17776,4 6
13808,1
26622,4
13881,4
8842,4 6
22959,1 7
19094,4
1714,4 6
13480,4
15345,2
8769,
5774,0
4597,
1587,0 4
13182,6
24936,2 4
24160,6
3887,4
27425,2 4
26578,4
17960,0
3319,4
5470,4
9772,4 6
28432,4 6
13507,6
26826,4
16339,4 7
22703,6
5957,5
25583,4
24440,4 9
19032,
6409,4 6 7
20234,
12810,4
30941,4
7081,3 4
19712,
1850,4 6
10757,0 4
13964,4
2510,4
30866,6
20139,4
4266,4
18395,3 4
27663,4 6
18191,1 4
5444,3
10854,3
9689,4
5565,4
11779,4
1797,4
2861,5
11483,
29743,4 6
1412,7
12586,4
19028,4 6
75,0
18767,4 6
12756,4
18462,9
14,4
21116,
9145,
17927,3 4
19236,
20368,4
10216,4
9283,
28212,0
14172,3
7598,
12643,
8852,4 7
22458,0
16415,2
26193,4
28385,1
4696,6
18953,4
24150,4
14088,6 7
26739,3
20062,2
2060,
29877,
27619,
16090,0 4
7745,3
18402,4 6
15556,4
9174,4
20050,
7337,4
26440,0
4435,4 6
16320,6
7596,4
15585,4
5670,4
10842,3 4
23927,2 4
15230,0
29422,0 4
14220,4
1831,4
26859,4 6
16537,4 5
6673,4 6
20012,7
27497,3
3697,2 4
1909,0
26699,
25572,2
26998,2
11861,4
30897,3
2195,
23649,3 4
11258,7
12677,4
6983,6
11130,4 6
5372,7
8018,
12261,4 7
3872,6
6493,4
15890,4 6
29099,4
5973,4
5211,4
13158,
28084,4
18943,
27291,4
4922,5
22302,
19687,4
16309,4 6
29698,3
16305,7
27788,4 6
27360,4
19904,4
15720,
9105,9
15685,6
25010,
28732,0
16084,6
4649,2
11048,4 7
7004,7
2217,6
19539,
26969,2 4
22386,4
13467,
14689,4
12032,4
9682,
1092,4 6
27906,8
15211,3 4
22892,0
7255,7
3886,4 7
19245,4
1046,0
21759,4
19542,6
7935,4 6
13933,
20505,4
6293,4 7
14287,4 6
9695,3
6204,
6255,
16917,4
13500,
29709,6 9
16187,1
29912,4
24016,3 4
17280,4
7340,0
5865,4
849,6
30925,7
29802,6
4995,0 4
19948,
1676,4 6
7532,4 6
7227,2
3101,4
28750,
11244,4
1834,4
4973,0 2
7178,
7361,1
30347,4
4455,1 4
22637,7
12625,6
24784,4
4979,
25575,4 6
5282,4 7
26028,2
13894,
11203,1
18598,6
9327,4
23634,4
19829,1 4
9453,4
22376,
9729,4 6
8164,6
27800,4
19865,4 7
23784,4
23055,4
14903,
20580,4
5245,6
11064,4 6
16411,0 4
11574,8
20247,
17665,
7750,9
25081,3 4
9712,4
30601,7
13248,
23943,6
26829,
13217,0
26212,
19112,4 7
17482,2 4
819,4 6
1577,4 7
12332,4 5
15379,6
10683,
15775,6
11300,4 6
17489,4
30594,7
28460,4 6
9021,9
1122,2 4
21641,1
18875,4 7
17634,4 6
17691,4
28835,4
14982,
16626,9
15066,4 5
21312,6
15893,4 6
22844,1
30843,6
10561,
8154,6
11600,6
1554,4
29974,4
25673,3
23714,4 5
27150,4 6
9019,2
20887,4 6
24751,4 6
25821,4
29494,4 6
18486,4
24808,4 6 7
11596,7
30029,
5153,4
16500,4 6
26896,5
9181,2 4
29364,4 6
16743,1
9219,7
12303,7
8238,4 6
21354,4
21766,3 4
30868,1
12909,4 7
24,4
17975,4
9576,4 6
21035,1 4
4949,6
19273,4
16618,4
25373,2 4
12973,4
25383,4
22933,4
27697,4 8
30229,4
14545,0
23977,2 6
15395,4
22499,6 7
19248,4 5
21513,4
526,3
12790,3 4
8288,1
8520,
9118,6
14454,2 4
7345,
16250,4
6727,6 7
13014,3
11782,6
29862,4
17323,7
23403,4
23553,4
19617,1 4
8499,7
2368,2
14670,6 7
812,4
30915,0
2982,0 4
17414,2 4
20223,0
12031,4 5
1422,4
